Time, AgentID, Side, Price, Qty, GrowthRate, Behaviour, Horizon, Cash, Shares, MktPrice
1, 41, 1, 54.1, 1243, -182, 1, 5, 0, 1479, 100
1, 2, 1, 100.03, 945, 9, 0, 4, 0, 1570, 100
1, 42, 1, 91.27, 857, 122, 1, 7, 0, 3088, 100
1, 33, 0, 105.92, 23, 195, 1, 8, 12131.5, 0, 100
1, 4, 1, 45.43, 724, -4, 0, 8, 0, 1998, 54.1
1, 37, 0, 54.04, 13, 111, 1, 4, 14063.9, 0, 54.1
1, 34, 0, 43.85, 20, 147, 1, 4, 2274.73, 0, 45.43
1, 30, 1, 47.3, 1254, -194, 1, 9, 0, 1585, 45.43
1, 28, 0, 68.54, 1, 107, 1, 8, 142.18, 0, 45.43
2, 34, 0, 43.16, 13, 147, 1, 4, 1397.73, 0, 45.43
2, 38, 0, 44, 87, 189, 1, 5, 7271.02, 0, 45.43
2, 2, 1, 45.5, 77, 9, 0, 4, 0, 625, 45.43
2, 27, 0, 58.6, 5, 139, 1, 5, 729.156, 0, 45.43
2, 26, 0, 51.88, 87, 179, 1, 4, 8117.28, 0, 45.43
2, 37, 0, 48.18, 69, 111, 1, 4, 13473.3, 13, 45.43
2, 36, 0, 46.45, 6, 162, 1, 2, 1511.48, 0, 45.43
2, 30, 1, 46.45, 262, -194, 1, 9, 0, 331, 45.43
2, 41, 1, 35.33, 153, -182, 1, 5, 1244.3, 236, 45.43
2, 33, 0, 65.8, 90, 195, 1, 8, 10887.2, 23, 43.16
2, 4, 1, 44.02, 307, -4, 0, 8, 12311.5, 1274, 45.43
3, 26, 0, 44.8, 51, 179, 1, 4, 4164.87, 87, 45.43
3, 37, 0, 44.58, 67, 111, 1, 4, 10338.6, 82, 44.02
3, 4, 1, 43.3, 209, -4, 0, 8, 17505.9, 967, 44.02
3, 41, 1, 37.03, 129, -182, 1, 5, 6510.38, 203, 44.02
3, 2, 1, 44.87, 52, 9, 0, 4, 0, 548, 44.02
3, 33, 0, 116.79, 56, 195, 1, 8, 6798.5, 113, 44.02
3, 6, 0, 35.19, 5, 4, 0, 6, 13518.4, 0, 37.03
3, 36, 0, 54.18, 10, 162, 1, 2, 1238.9, 6, 37.03
3, 3, 0, 36.38, 13, -8, 0, 2, 6213.27, 0, 37.03
3, 11, 0, 38.83, 1, 8, 0, 4, 650.969, 0, 37.03
3, 38, 0, 70.33, 50, 189, 1, 5, 4197.31, 87, 37.03
3, 27, 0, 43.04, 7, 139, 1, 5, 502.006, 5, 37.03
3, 0, 0, 36.78, 1, -14, 0, 2, 746.781, 0, 37.03
3, 9, 0, 36.98, 4, -4, 0, 2, 1941.79, 0, 37.03
3, 30, 1, 20.41, 51, -194, 1, 9, 0, 69, 37.03
3, 19, 0, 35.99, 11, 21, 0, 10, 2910.3, 0, 35.19
3, 34, 0, 40.17, 17, 147, 1, 4, 1108.84, 33, 35.19
4, 4, 1, 37.54, 52, -4, 0, 8, 17505.9, 758, 37.03
4, 37, 0, 35.2, 111, 111, 1, 4, 7389.31, 149, 37.03
4, 11, 0, 35.2, 1, 8, 0, 4, 613.939, 1, 37.03
4, 27, 0, 42.85, 3, 139, 1, 5, 242.796, 12, 37.03
4, 0, 0, 35.84, 1, -14, 0, 2, 726.371, 1, 37.54
4, 33, 0, 35.91, 39, 195, 1, 8, 4724.82, 169, 37.54
4, 41, 1, 35.54, 42, -182, 1, 5, 11287.2, 74, 37.54
4, 3, 0, 34.59, 18, -8, 0, 2, 5947.94, 13, 35.91
4, 19, 0, 35.81, 8, 21, 0, 10, 2519.36, 11, 35.91
4, 14, 0, 34.18, 1, -4, 0, 5, 1993.55, 0, 35.91
4, 10, 0, 34.61, 12, -27, 0, 2, 6278.85, 0, 35.91
4, 36, 0, 43.38, 10, 162, 1, 2, 868.604, 16, 35.91
4, 38, 0, 60.17, 28, 189, 1, 5, 2345.81, 137, 37.54
4, 28, 0, 36.08, 1, 107, 1, 8, 96.7497, 1, 37.54
4, 9, 0, 36.5, 3, -4, 0, 2, 1860.15, 4, 37.54
4, 7, 0, 35.99, 1, 13, 0, 6, 1306.77, 0, 37.54
4, 30, 1, 16.75, 30, -194, 1, 9, 833.59, 41, 37.54
4, 5, 0, 33.91, 3, 6, 0, 9, 3600.98, 0, 35.2
4, 34, 0, 49.81, 9, 147, 1, 4, 642.497, 38, 35.2
4, 26, 0, 47.16, 27, 179, 1, 4, 1919.85, 138, 37.54
5, 27, 0, 48.22, 1, 139, 1, 5, 130.176, 15, 43.3
5, 3, 1, 42.71, 1, -8, 0, 2, 5325.32, 13, 43.3
5, 34, 0, 45.64, 2, 147, 1, 4, 304.637, 47, 43.3
5, 36, 0, 51.28, 2, 162, 1, 2, 493.204, 26, 43.3
5, 33, 0, 80.09, 28, 195, 1, 8, 3489.08, 208, 43.3
5, 37, 0, 54.46, 20, 111, 1, 4, 3629.71, 157, 43.3
5, 30, 1, 42.5, 25, -194, 1, 9, 1906.36, 33, 43.3
5, 19, 1, 44.51, 1, 21, 0, 10, 2385.36, 19, 43.3
5, 38, 0, 49.22, 15, 189, 1, 5, 1294.69, 165, 43.3
5, 2, 1, 42.18, 31, 9, 0, 4, 0, 496, 42.5
5, 4, 1, 37.05, 133, -4, 0, 8, 22792.1, 706, 42.5
5, 41, 1, 40.96, 26, -182, 1, 5, 12796.3, 43, 42.5
5, 26, 0, 64.58, 8, 179, 1, 4, 856.591, 165, 42.5
6, 33, 0, 115.81, 18, 195, 1, 8, 2276.68, 236, 37.05
6, 6, 0, 35.31, 5, 4, 0, 6, 13416.3, 5, 37.05
6, 30, 1, 18.42, 5, -194, 1, 9, 2543.86, 8, 37.05
6, 14, 0, 34.04, 2, -4, 0, 5, 1959.37, 0, 35.31
6, 3, 0, 36.85, 18, -8, 0, 2, 5368.03, 12, 35.31
6, 9, 0, 33.7, 7, -4, 0, 2, 1809.9, 7, 35.31
6, 16, 0, 34.5, 10, 6, 0, 5, 3724.36, 0, 35.31
6, 38, 0, 57.21, 7, 189, 1, 5, 657.186, 180, 35.31
6, 10, 0, 35.2, 6, -27, 0, 2, 5863.53, 0, 37.05
6, 19, 0, 38.11, 5, 21, 0, 10, 2385.36, 18, 37.05
6, 4, 1, 37.74, 39, -4, 0, 8, 24200, 573, 37.05
6, 0, 0, 35.2, 1, -14, 0, 2, 709.621, 2, 37.05
6, 11, 0, 35.74, 1, 8, 0, 4, 578.739, 1, 37.05
6, 41, 1, 38.36, 9, -182, 1, 5, 12796.3, 17, 37.05
6, 28, 0, 35.24, 1, 107, 1, 8, 79.9997, 2, 37.05
6, 34, 0, 42.75, 4, 147, 1, 4, 264.266, 49, 37.05
6, 37, 0, 35.36, 41, 111, 1, 4, 2763.71, 177, 37.05
6, 7, 0, 37.26, 2, 13, 0, 6, 1290.02, 1, 37.05
6, 26, 0, 69.9, 7, 179, 1, 4, 560.191, 173, 37.05
6, 36, 0, 37.51, 4, 162, 1, 2, 406.604, 28, 37.05
7, 0, 0, 38.55, 1, -14, 0, 2, 674.421, 2, 37.05
7, 16, 0, 37.96, 3, 6, 0, 5, 3379.36, 0, 37.05
7, 19, 0, 38.26, 4, 21, 0, 10, 2200.11, 23, 37.05
7, 26, 0, 43.66, 4, 179, 1, 4, 300.841, 180, 37.05
7, 3, 0, 37.97, 9, -8, 0, 2, 4704.73, 12, 37.05
7, 41, 1, 19.7, 4, -182, 1, 5, 12796.3, 8, 37.05
7, 6, 0, 35.01, 7, 4, 0, 6, 13324.2, 10, 36.85
7, 37, 0, 37.88, 18, 111, 1, 4, 1313.95, 177, 36.85
7, 36, 0, 35.42, 3, 162, 1, 2, 258.404, 32, 37.05
7, 30, 1, 38.29, 2, -194, 1, 9, 2720.41, 3, 37.05
7, 33, 0, 38.28, 13, 195, 1, 8, 1609.78, 254, 37.05
7, 10, 0, 35.86, 5, -27, 0, 2, 5652.33, 0, 37.05
7, 9, 0, 38.24, 3, -4, 0, 2, 1574, 7, 37.05
7, 4, 1, 36.65, 37, -4, 0, 8, 26867.6, 534, 37.05
7, 7, 0, 36.3, 2, 13, 0, 6, 1215.92, 3, 36.85
7, 38, 0, 74.98, 4, 189, 1, 5, 397.836, 187, 36.85
8, 16, 0, 38.5, 3, 6, 0, 5, 3268.21, 3, 37.05
8, 26, 0, 69.99, 1, 179, 1, 4, 152.641, 184, 37.05
8, 0, 0, 36.73, 1, -14, 0, 2, 637.371, 3, 37.05
8, 19, 0, 36.17, 4, 21, 0, 10, 2051.91, 27, 37.05
8, 6, 0, 36.33, 5, 4, 0, 6, 13079.2, 10, 37.05
8, 10, 0, 35.48, 5, -27, 0, 2, 5473.03, 0, 37.05
8, 36, 0, 47.6, 1, 162, 1, 2, 152.144, 32, 37.05
8, 41, 1, 30.54, 2, -182, 1, 5, 12943.8, 4, 37.05
8, 4, 1, 36.65, 26, -4, 0, 8, 27716.9, 511, 36.33
8, 27, 0, 39.33, 1, 139, 1, 5, 86.8762, 16, 36.33
8, 33, 0, 46.09, 9, 195, 1, 8, 1128.13, 267, 36.65
8, 9, 0, 34.86, 3, -4, 0, 2, 1462.85, 10, 36.65
8, 37, 0, 42.51, 8, 111, 1, 4, 647.045, 195, 36.65
8, 3, 0, 36.09, 10, -8, 0, 2, 4442.68, 39, 36.65
8, 34, 0, 52.12, 1, 147, 1, 4, 116.066, 53, 36.65
8, 7, 0, 37.48, 2, 13, 0, 6, 1143.32, 3, 36.65
8, 38, 0, 41.17, 3, 189, 1, 5, 249.636, 191, 36.65
9, 9, 0, 37.8, 3, -4, 0, 2, 1358.27, 10, 36.65
9, 19, 0, 39.01, 3, 21, 0, 10, 1907.23, 27, 37.05
9, 11, 0, 35.26, 1, 8, 0, 4, 542.999, 1, 37.05
9, 3, 0, 36.73, 8, -8, 0, 2, 4081.78, 39, 37.05
9, 0, 0, 35.89, 1, -14, 0, 2, 606.831, 4, 37.05
9, 33, 0, 42.05, 6, 195, 1, 8, 798.279, 276, 37.05
9, 7, 0, 38.97, 1, 13, 0, 6, 1070.02, 5, 37.05
9, 10, 0, 37.31, 5, -27, 0, 2, 5295.63, 0, 37.05
9, 4, 1, 38.14, 33, -4, 0, 8, 29188.5, 485, 37.05
9, 38, 0, 61.37, 1, 189, 1, 5, 139.686, 194, 37.05
9, 16, 0, 38.18, 1, 6, 0, 5, 3157.06, 6, 37.74
9, 41, 1, 24.12, 1, -182, 1, 5, 13016.8, 3, 37.74
9, 37, 0, 55.82, 3, 111, 1, 4, 353.845, 203, 36.73
9, 26, 0, 54.91, 1, 179, 1, 4, 115.591, 185, 37.74
10, 7, 0, 36.8, 1, 13, 0, 6, 1032.97, 6, 37.74
10, 9, 0, 37.65, 2, -4, 0, 2, 1323.52, 13, 37.74
10, 4, 1, 35.29, 39, -4, 0, 8, 29415, 452, 37.74
10, 6, 0, 35.61, 21, 4, 0, 6, 12907.5, 15, 35.48
10, 19, 0, 33.82, 6, 21, 0, 10, 1799.6, 34, 35.48
10, 38, 0, 43.02, 1, 189, 1, 5, 101.946, 195, 35.48
10, 16, 0, 36.47, 2, 6, 0, 5, 3119.32, 7, 37.74
10, 33, 0, 48.22, 4, 195, 1, 8, 575.979, 282, 37.74
10, 37, 0, 37.87, 3, 111, 1, 4, 240.625, 206, 37.74
10, 41, 1, 28.75, 1, -182, 1, 5, 13053.5, 2, 37.74
10, 1, 0, 35.37, 2, 5, 0, 7, 5015.8, 0, 36.47
10, 10, 0, 35.62, 7, -27, 0, 2, 5225.02, 10, 36.47
10, 3, 0, 35.12, 10, -8, 0, 2, 3818.63, 57, 36.47
11, 0, 0, 34.71, 1, -14, 0, 2, 571.541, 5, 36.47
11, 6, 0, 36.34, 10, 4, 0, 6, 12159.7, 15, 36.47
11, 19, 0, 36.55, 4, 21, 0, 10, 1596.68, 34, 36.47
11, 33, 0, 60.32, 3, 195, 1, 8, 425.019, 286, 36.47
11, 10, 0, 38.02, 2, -27, 0, 2, 4975.68, 10, 37.74
11, 9, 0, 37.2, 2, -4, 0, 2, 1252.94, 15, 37.74
11, 3, 0, 36.21, 5, -8, 0, 2, 3467.43, 57, 37.74
11, 37, 0, 43.89, 1, 111, 1, 4, 127.405, 209, 37.74
11, 16, 0, 35.86, 2, 6, 0, 5, 3054.1, 8, 37.74
11, 4, 1, 37.38, 38, -4, 0, 8, 31357.9, 450, 37.74
11, 7, 0, 38.88, 1, 13, 0, 6, 999.702, 9, 37.74
12, 16, 0, 37.07, 2, 6, 0, 5, 2982.38, 8, 37.38
12, 9, 0, 37.99, 2, -4, 0, 2, 1178.54, 15, 37.38
12, 3, 0, 38.95, 5, -8, 0, 2, 3286.38, 57, 37.38
12, 19, 0, 38.31, 2, 21, 0, 10, 1450.48, 34, 37.38
12, 30, 1, 32.55, 937, -194, 1, 9, 2720.41, 1255, 37.38
12, 1, 0, 32.25, 15, 5, 0, 7, 4950.7, 2, 33.7
12, 33, 0, 32.08, 2, 195, 1, 8, 311.799, 289, 33.7
12, 7, 0, 34.77, 4, 13, 0, 6, 962.322, 10, 33.7
12, 6, 0, 32.92, 41, 4, 0, 6, 11915.6, 53, 33.7
12, 21, 0, 33.03, 1, -6, 0, 2, 240.375, 0, 33.7
12, 22, 0, 33.09, 3, -4, 0, 8, 4721.33, 0, 33.7
12, 4, 0, 32.82, 22, -4, 0, 8, 31731.7, 865, 33.7
12, 10, 0, 35.78, 19, -27, 0, 2, 4971.1, 40, 33.7
12, 36, 0, 37.85, 1, 162, 1, 2, 123.704, 36, 33.7
12, 34, 0, 38.62, 1, 147, 1, 4, 79.4165, 54, 37.38
12, 41, 1, 21.6, 700, -182, 1, 5, 13090, 1221, 37.38
13, 10, 0, 30.56, 29, -27, 0, 2, 4560.7, 59, 32.08
13, 21, 0, 30.71, 1, -6, 0, 2, 218.775, 1, 32.08
13, 16, 0, 36.35, 16, 6, 0, 5, 2947.32, 23, 32.08
13, 15, 0, 33, 19, -12, 0, 7, 13515.6, 0, 32.08
13, 26, 0, 39.02, 1, 179, 1, 4, 77.8513, 186, 32.08
13, 37, 0, 44.61, 5, 111, 1, 4, 477.826, 354, 37.38
13, 9, 0, 37.46, 2, -4, 0, 2, 1128.06, 29, 37.38
13, 33, 0, 47.75, 2, 195, 1, 8, 268.599, 291, 37.38
13, 3, 0, 36.3, 5, -8, 0, 2, 3180.2, 95, 37.38
13, 19, 0, 35.7, 2, 21, 0, 10, 1399.34, 46, 37.38
13, 30, 1, 24.65, 654, -194, 1, 9, 13137.2, 876, 37.38
13, 14, 0, 29.04, 13, -4, 0, 5, 1895.9, 3, 30.56
13, 20, 0, 30.6, 27, -20, 0, 5, 6650.7, 0, 30.56
13, 1, 0, 30.72, 32, 5, 0, 7, 4626.7, 17, 30.56
13, 4, 0, 31.24, 129, -4, 0, 8, 31705.1, 1076, 30.56
13, 41, 1, 24.23, 300, -182, 1, 5, 16660.9, 628, 30.56
13, 7, 0, 29.26, 10, 13, 0, 6, 875.922, 14, 29.04
13, 8, 0, 29.54, 4, -14, 0, 7, 914.672, 0, 29.04
13, 12, 0, 27.73, 1, 6, 0, 4, 149.109, 0, 29.04
14, 17, 0, 28.2, 14, -12, 0, 9, 4227.23, 0, 29.04
14, 6, 0, 27.93, 115, 4, 0, 6, 11030, 94, 29.04
14, 41, 1, 27.99, 238, -182, 1, 5, 22877.6, 529, 29.04
14, 30, 1, 14.4, 195, -194, 1, 9, 15515.6, 294, 28.2
14, 15, 0, 26.44, 104, -12, 0, 7, 13047.2, 19, 27.73
14, 9, 0, 35.25, 13, -4, 0, 2, 1053.3, 31, 27.73
14, 24, 0, 27.93, 27, -3, 0, 8, 3040.4, 0, 27.73
14, 20, 0, 28.44, 50, -20, 0, 5, 5996.49, 27, 27.73
14, 10, 0, 26.56, 55, -27, 0, 2, 3845.85, 88, 27.73
14, 13, 0, 29.61, 141, 2, 0, 8, 14325.8, 0, 27.73
14, 22, 0, 28.04, 40, -4, 0, 8, 4656.53, 3, 27.73
14, 23, 0, 30.3, 23, -18, 0, 9, 6929.61, 0, 27.73
14, 3, 0, 37.4, 35, -8, 0, 2, 3056.95, 100, 27.73
14, 4, 1, 34.68, 103, -4, 0, 8, 29177.5, 1337, 37.38
14, 7, 0, 37.81, 1, 13, 0, 6, 596.022, 24, 35.25
14, 19, 0, 38.07, 2, 21, 0, 10, 1350.04, 48, 37.74
14, 16, 0, 38.5, 1, 6, 0, 5, 2552.92, 39, 37.74
14, 33, 0, 45.6, 1, 195, 1, 8, 193.839, 293, 37.74
14, 37, 0, 37.12, 3, 111, 1, 4, 290.926, 359, 37.74
15, 20, 0, 65.58, 55, -20, 0, 5, 4574.49, 27, 37.74
15, 22, 0, 66.65, 40, -4, 0, 8, 3534.93, 3, 38.36
15, 4, 0, 63.92, 295, -4, 0, 8, 31611.4, 1247, 42.18
15, 1, 0, 71.97, 38, 5, 0, 7, 3851.34, 49, 42.5
15, 19, 0, 42.69, 16, 21, 0, 10, 1274.56, 50, 42.5
15, 47, 0, 47.23, 5, -112, 1, 4, 1876.22, 0, 42.5
15, 25, 0, 41.09, 8, -118, 1, 4, 2911.22, 0, 42.5
15, 15, 0, 40.74, 138, -12, 0, 7, 10297.5, 19, 42.5
15, 3, 0, 58.9, 29, -8, 0, 2, 2346.67, 116, 42.5
15, 24, 0, 66.56, 20, -3, 0, 8, 2286.29, 0, 42.5
15, 18, 0, 42.13, 50, 0, 0, 10, 3813.65, 0, 42.5
15, 13, 0, 43.52, 144, 2, 0, 8, 10150.8, 0, 42.5
15, 16, 0, 40.4, 32, 6, 0, 5, 2515.18, 40, 42.5
15, 11, 0, 74.41, 5, 8, 0, 4, 513.549, 4, 42.5
15, 12, 0, 43.5, 1, 6, 0, 4, 134.709, 1, 42.5
15, 7, 0, 41.79, 7, 13, 0, 6, 558.282, 25, 42.5
15, 10, 0, 69.5, 27, -27, 0, 2, 2385.05, 88, 42.5
15, 8, 0, 48.64, 8, -14, 0, 7, 802.712, 4, 42.5
15, 30, 1, 43.54, 141, -194, 1, 9, 19256.9, 215, 42.5
15, 37, 0, 72.23, 1, 111, 1, 4, 179.566, 359, 63.92
15, 5, 0, 61.8, 6, 6, 0, 9, 3503.33, 3, 63.92
15, 9, 0, 60.98, 2, -4, 0, 2, 602.455, 44, 63.92
15, 41, 1, 51.02, 171, -182, 1, 5, 25093.4, 319, 63.92
15, 6, 0, 67.23, 22, 4, 0, 6, 9374.03, 209, 63.92
15, 0, 0, 74.7, 1, -14, 0, 2, 541.641, 7, 63.92
15, 14, 0, 60.94, 3, -4, 0, 5, 1580.91, 16, 63.92
15, 2, 0, 61.04, 5, 9, 0, 4, 1307.58, 1539, 63.92
16, 3, 0, 70.19, 3, -8, 0, 2, 638.565, 116, 59.6
16, 13, 0, 64.43, 10, 2, 0, 8, 3883.95, 0, 59.6
16, 9, 0, 58.74, 2, -4, 0, 2, 480.495, 44, 59.6
16, 6, 0, 58.23, 33, 4, 0, 6, 7894.97, 209, 59.6
16, 4, 0, 62.1, 39, -4, 0, 8, 18554, 1498, 59.6
16, 0, 0, 59.16, 2, -14, 0, 2, 497.131, 8, 59.6
16, 41, 1, 49.62, 74, -182, 1, 5, 36032, 149, 59.6
16, 37, 0, 61.23, 1, 111, 1, 4, 128.546, 360, 63.92
16, 30, 1, 46.87, 126, -194, 1, 9, 28831.4, 164, 63.92
16, 2, 0, 58.79, 6, 9, 0, 4, 1073.23, 1544, 58.23
16, 19, 0, 63.92, 3, 21, 0, 10, 651.117, 50, 58.23
16, 11, 0, 56.37, 1, 8, 0, 4, 295.849, 9, 58.23
16, 5, 0, 66.05, 10, 6, 0, 9, 3222.11, 9, 58.23
16, 22, 0, 57.86, 10, -4, 0, 8, 3823.76, 43, 58.23
16, 20, 0, 58.83, 15, -20, 0, 5, 5694.19, 82, 58.23
16, 10, 0, 55.71, 6, -27, 0, 2, 1209.47, 115, 58.23
16, 17, 0, 59.73, 3, -12, 0, 9, 3835.37, 14, 58.23
16, 1, 0, 73.05, 7, 5, 0, 7, 2196.82, 87, 58.23
16, 15, 0, 62.58, 9, -12, 0, 7, 4675.35, 19, 58.23
16, 14, 0, 55.59, 6, -4, 0, 5, 1440.3, 19, 58.23
16, 18, 0, 55.34, 4, 0, 0, 10, 1707.15, 0, 58.23
16, 16, 0, 57.38, 6, 6, 0, 5, 1222.38, 40, 58.23
16, 24, 0, 57.04, 3, -3, 0, 8, 1415.49, 20, 58.23
16, 21, 0, 58.73, 1, -6, 0, 2, 194.125, 2, 58.23
17, 41, 1, 36.68, 54, -182, 1, 5, 40858.8, 110, 58.23
17, 0, 0, 56.14, 2, -14, 0, 2, 403.391, 10, 58.73
17, 24, 0, 58.43, 3, -3, 0, 8, 1244.37, 20, 58.73
17, 1, 0, 58.36, 8, 5, 0, 7, 1940.06, 94, 58.73
17, 14, 0, 58.53, 4, -4, 0, 5, 1106.76, 19, 58.73
17, 22, 0, 62.27, 7, -4, 0, 8, 3245.16, 43, 58.73
17, 2, 0, 67.83, 4, 9, 0, 4, 853.15, 1550, 58.73
17, 11, 0, 58.06, 1, 8, 0, 4, 239.479, 9, 58.73
17, 6, 0, 66.27, 27, 4, 0, 6, 6724.32, 263, 58.73
17, 18, 0, 60.74, 3, 0, 0, 10, 1485.79, 0, 58.73
17, 16, 0, 72.56, 3, 6, 0, 5, 878.1, 40, 58.73
17, 9, 0, 56.27, 2, -4, 0, 2, 414.975, 48, 58.73
17, 17, 0, 56.24, 3, -12, 0, 9, 3725.33, 17, 58.73
17, 10, 0, 66.39, 3, -27, 0, 2, 875.208, 115, 58.73
17, 20, 0, 58.03, 13, -20, 0, 5, 5143.99, 97, 58.73
17, 15, 0, 57.08, 9, -12, 0, 7, 4345.23, 28, 58.73
17, 19, 0, 73.45, 2, 21, 0, 10, 541.077, 53, 58.73
17, 7, 0, 66.31, 1, 13, 0, 6, 265.752, 25, 58.73
17, 4, 0, 56.11, 45, -4, 0, 8, 17369, 1581, 58.73
17, 3, 0, 68.52, 4, -8, 0, 2, 838.575, 148, 58.73
17, 30, 1, 50.69, 99, -194, 1, 9, 36422.2, 132, 58.73
17, 5, 0, 62.27, 10, 6, 0, 9, 2855.31, 19, 57.38
17, 13, 0, 56.81, 13, 2, 0, 8, 3387.75, 10, 57.38
18, 23, 0, 55.48, 2, -18, 0, 9, 6232.71, 0, 57.38
18, 24, 0, 62.97, 3, -3, 0, 8, 1092.3, 23, 57.38
18, 16, 0, 54.53, 4, 6, 0, 5, 759.48, 48, 57.38
18, 13, 0, 55.56, 10, 2, 0, 8, 2649.22, 10, 57.38
18, 18, 0, 60.34, 3, 0, 0, 10, 1333.72, 3, 57.38
18, 10, 0, 69.68, 3, -27, 0, 2, 723.138, 118, 57.38
18, 30, 1, 32.09, 94, -194, 1, 9, 42617.5, 127, 57.38
18, 6, 0, 60.21, 29, 4, 0, 6, 5363.23, 291, 56.11
18, 22, 0, 67.41, 8, -4, 0, 8, 2962.03, 60, 56.11
18, 7, 0, 60.71, 1, 13, 0, 6, 215.062, 26, 56.11
18, 0, 0, 56.1, 2, -14, 0, 2, 339.211, 12, 56.11
18, 20, 0, 58.13, 16, -20, 0, 5, 4485.02, 110, 56.11
18, 11, 0, 69.89, 1, 8, 0, 4, 213.069, 11, 56.11
18, 9, 0, 54.74, 2, -4, 0, 2, 350.795, 50, 56.11
18, 15, 0, 54.46, 12, -12, 0, 7, 4056.42, 37, 56.11
18, 5, 0, 61.44, 10, 6, 0, 9, 2534.41, 29, 56.11
18, 1, 0, 61.42, 7, 5, 0, 7, 1534.54, 102, 56.11
18, 14, 0, 71, 3, -4, 0, 5, 903.997, 23, 56.11
18, 4, 0, 54.79, 58, -4, 0, 8, 15828.9, 1622, 56.11
18, 17, 0, 53.89, 6, -12, 0, 9, 3629.06, 20, 56.11
18, 2, 0, 57.63, 4, 9, 0, 4, 650.39, 1554, 56.11
18, 3, 0, 70.65, 3, -8, 0, 2, 635.815, 152, 56.11
18, 19, 0, 75.25, 2, 21, 0, 10, 439.697, 55, 56.11
18, 41, 1, 48.72, 51, -182, 1, 5, 44258.7, 109, 56.11
19, 5, 0, 61.16, 5, 6, 0, 9, 2047.21, 39, 60.21
19, 41, 1, 60.59, 47, -182, 1, 5, 47511.8, 93, 60.21
19, 14, 0, 62.69, 2, -4, 0, 5, 757.837, 26, 61.16
19, 6, 0, 73.55, 11, 4, 0, 6, 3800.98, 307, 61.16
19, 30, 1, 44.18, 65, -194, 1, 9, 48050.3, 86, 61.16
19, 24, 0, 63.71, 3, -3, 0, 8, 1070.88, 29, 55.56
19, 20, 0, 58.4, 14, -20, 0, 5, 3778.14, 126, 55.56
19, 1, 0, 69.96, 5, 5, 0, 7, 1193.5, 109, 55.56
19, 22, 0, 60.28, 8, -4, 0, 8, 2572.27, 68, 55.56
19, 15, 0, 63.43, 9, -12, 0, 7, 3402.9, 37, 55.56
19, 23, 0, 54.93, 6, -18, 0, 9, 6121.75, 0, 55.56
19, 8, 0, 56.44, 1, -14, 0, 7, 413.592, 4, 55.56
19, 3, 0, 52.87, 3, -8, 0, 2, 489.655, 155, 55.56
19, 0, 0, 52.88, 1, -14, 0, 2, 250.851, 14, 55.56
19, 18, 0, 61.22, 3, 0, 0, 10, 1237.45, 6, 55.56
19, 2, 0, 52.81, 3, 9, 0, 4, 473.67, 1558, 55.56
19, 10, 0, 72.96, 3, -27, 0, 2, 696.048, 127, 55.56
19, 19, 0, 56.46, 2, 21, 0, 10, 342.257, 57, 55.56
19, 13, 0, 62.13, 10, 2, 0, 8, 2426.36, 24, 55.56
19, 16, 0, 62.49, 3, 6, 0, 5, 566.65, 49, 55.56
19, 17, 0, 53.93, 6, -12, 0, 9, 3305.72, 20, 55.56
19, 9, 0, 61.87, 1, -4, 0, 2, 241.315, 50, 55.56
19, 4, 0, 54.4, 49, -4, 0, 8, 12698.8, 1626, 55.56
20, 3, 0, 52.95, 2, -8, 0, 2, 331.046, 155, 55.56
20, 16, 0, 70.48, 1, 6, 0, 5, 379.18, 49, 55.56
20, 30, 1, 31.6, 62, -194, 1, 9, 51988.1, 85, 55.56
20, 1, 0, 65.07, 4, 5, 0, 7, 1035.5, 114, 56.46
20, 20, 0, 56.29, 11, -20, 0, 5, 3335.74, 140, 56.46
20, 18, 0, 58.04, 3, 0, 0, 10, 1142.65, 9, 56.46
20, 5, 0, 54.26, 8, 6, 0, 9, 1744.26, 44, 56.46
20, 6, 0, 56.43, 19, 4, 0, 6, 3523.39, 331, 56.46
20, 22, 0, 56.34, 7, -4, 0, 8, 2319.47, 76, 56.46
20, 24, 0, 64.48, 3, -3, 0, 8, 976.078, 32, 56.46
20, 17, 0, 55.04, 4, -12, 0, 9, 2982.14, 20, 56.46
20, 0, 0, 54.85, 1, -14, 0, 2, 197.971, 14, 56.46
20, 23, 0, 53.68, 4, -18, 0, 9, 5792.17, 0, 56.46
20, 10, 0, 59.74, 3, -27, 0, 2, 601.248, 130, 56.46
20, 4, 0, 56.58, 34, -4, 0, 8, 10033.2, 1626, 56.46
20, 2, 0, 72.89, 1, 9, 0, 4, 315.24, 1558, 56.46
20, 41, 1, 52.68, 24, -182, 1, 5, 47817.6, 51, 56.46
20, 9, 0, 54.4, 1, -4, 0, 2, 209.715, 51, 56.58
20, 13, 0, 56.69, 9, 2, 0, 8, 2110.36, 34, 56.58
20, 19, 0, 69.87, 1, 21, 0, 10, 279.057, 59, 56.58
20, 15, 0, 58.38, 8, -12, 0, 7, 3118.5, 46, 56.58
20, 14, 0, 70.29, 2, -4, 0, 5, 737.937, 34, 56.58
21, 6, 0, 69.7, 11, 4, 0, 6, 2451.22, 331, 56.58
21, 30, 1, 57.33, 61, -194, 1, 9, 55856.3, 83, 56.58
21, 18, 0, 55.6, 2, 0, 0, 10, 984.608, 12, 58.38
21, 22, 0, 57.53, 5, -4, 0, 8, 1925.09, 76, 58.38
21, 1, 0, 68.37, 3, 5, 0, 7, 824.782, 118, 58.38
21, 4, 0, 59.58, 21, -4, 0, 8, 8148.48, 1636, 58.38
21, 17, 0, 56.14, 2, -12, 0, 9, 2761.98, 20, 58.38
21, 24, 0, 55.99, 2, -3, 0, 8, 818.038, 35, 58.38
21, 20, 0, 57.41, 7, -20, 0, 5, 2716.55, 140, 58.38
21, 5, 0, 55.69, 5, 6, 0, 9, 1310.18, 44, 58.38
21, 16, 0, 70.96, 1, 6, 0, 5, 440.25, 53, 58.38
21, 19, 0, 71.99, 1, 21, 0, 10, 221.727, 60, 58.38
21, 15, 0, 55.71, 5, -12, 0, 7, 2659.86, 54, 58.38
21, 14, 0, 57.22, 2, -4, 0, 5, 623.277, 36, 58.38
21, 3, 0, 55.65, 1, -8, 0, 2, 225.146, 155, 58.38
21, 2, 0, 78.56, 1, 9, 0, 4, 262.56, 1559, 58.38
21, 10, 0, 72.61, 1, -27, 0, 2, 443.208, 133, 58.38
21, 13, 0, 56.43, 5, 2, 0, 8, 1600.15, 34, 58.38
21, 41, 1, 49.92, 20, -182, 1, 5, 49263.3, 41, 58.38
22, 1, 0, 66.34, 2, 5, 0, 7, 675.022, 121, 59.58
22, 41, 1, 58.57, 14, -182, 1, 5, 50537.1, 28, 59.58
22, 6, 0, 68.38, 6, 4, 0, 6, 1820.59, 342, 59.58
22, 24, 0, 59.94, 1, -3, 0, 8, 706.058, 35, 59.58
22, 13, 0, 56.94, 4, 2, 0, 8, 1318, 34, 59.58
22, 4, 0, 56.84, 16, -4, 0, 8, 7030.96, 1657, 59.58
22, 17, 0, 60.77, 1, -12, 0, 9, 2649.7, 20, 59.58
22, 18, 0, 58.37, 1, 0, 0, 10, 873.408, 12, 59.58
22, 15, 0, 61.77, 3, -12, 0, 7, 2381.31, 54, 59.58
22, 30, 1, 43.43, 33, -194, 1, 9, 57300.5, 44, 59.58
22, 16, 0, 54.38, 2, 6, 0, 5, 390.33, 54, 56.84
22, 10, 0, 61.7, 2, -27, 0, 2, 393.288, 134, 56.84
22, 20, 0, 57.08, 8, -20, 0, 5, 2412.54, 147, 56.84
22, 5, 0, 54.07, 4, 6, 0, 9, 1031.73, 44, 56.84
22, 19, 0, 55.46, 1, 21, 0, 10, 171.807, 61, 56.84
22, 14, 0, 57.23, 2, -4, 0, 5, 536.417, 38, 56.84
22, 22, 0, 62.6, 5, -4, 0, 8, 1707.94, 81, 56.84
22, 2, 0, 54, 1, 9, 0, 4, 212.64, 1560, 56.84
23, 6, 0, 73.14, 6, 4, 0, 6, 1560.01, 348, 56.84
23, 23, 0, 56.19, 3, -18, 0, 9, 5577.45, 0, 56.84
23, 22, 0, 55.67, 4, -4, 0, 8, 1394.94, 81, 56.84
23, 30, 1, 55.56, 30, -194, 1, 9, 59277.4, 41, 56.84
23, 18, 0, 65.98, 2, 0, 0, 10, 829.978, 13, 56.84
23, 24, 0, 61.92, 1, -3, 0, 8, 662.628, 36, 56.84
23, 20, 0, 55.29, 6, -20, 0, 5, 1968.06, 155, 56.84
23, 17, 0, 56.81, 3, -12, 0, 9, 2606.27, 21, 56.84
23, 4, 0, 56.17, 20, -4, 0, 8, 6170.71, 1667, 56.84
23, 10, 0, 74.93, 1, -27, 0, 2, 282.168, 136, 56.84
23, 14, 0, 54.99, 2, -4, 0, 5, 425.297, 40, 56.84
23, 41, 1, 49.3, 11, -182, 1, 5, 51146.4, 24, 56.84
23, 15, 0, 55.51, 6, -12, 0, 7, 2251.02, 57, 56.81
23, 16, 0, 54.98, 1, 6, 0, 5, 281.57, 54, 56.81
23, 1, 0, 54.2, 2, 5, 0, 7, 557.882, 123, 56.81
23, 13, 0, 54.08, 5, 2, 0, 8, 1144.28, 38, 56.81
23, 5, 0, 57.68, 3, 6, 0, 9, 815.454, 44, 56.81
24, 14, 0, 61.76, 1, -4, 0, 5, 315.317, 40, 56.81
24, 23, 0, 53.98, 3, -18, 0, 9, 5408.88, 0, 56.81
24, 13, 0, 66.96, 3, 2, 0, 8, 873.88, 38, 56.81
24, 10, 0, 64.07, 1, -27, 0, 2, 232.868, 137, 56.81
24, 22, 0, 61.98, 3, -4, 0, 8, 1207.46, 86, 56.81
24, 16, 0, 65.33, 1, 6, 0, 5, 226.59, 54, 56.81
24, 17, 0, 54.02, 3, -12, 0, 9, 2443.35, 22, 56.81
24, 20, 0, 67.61, 4, -20, 0, 5, 1636.32, 155, 56.81
24, 41, 1, 50.75, 11, -182, 1, 5, 51813.1, 23, 56.81
24, 4, 0, 59.43, 7, -4, 0, 8, 5092.56, 1673, 61.98
24, 5, 0, 64.19, 1, 6, 0, 9, 642.414, 44, 61.98
24, 15, 0, 63.54, 1, -12, 0, 7, 1917.96, 57, 61.98
24, 30, 1, 45.09, 26, -194, 1, 9, 61121.6, 34, 61.98
24, 11, 0, 53.95, 1, 8, 0, 4, 164.349, 12, 56.58
24, 6, 0, 71.8, 5, 4, 0, 6, 1226.65, 354, 56.58
24, 1, 0, 53.82, 2, 5, 0, 7, 449.482, 123, 56.58
25, 22, 1, 31, 89, -4, 0, 8, 2182.47, 89, 56.58
25, 41, 1, 24.2, 21, -182, 1, 5, 52537.8, 21, 56.17
25, 13, 1, 50.27, 55, 2, 0, 8, 5128.19, 55, 55.67
25, 9, 1, 27, 51, -4, 0, 2, 155.315, 51, 54.79
25, 21, 1, 27.95, 3, -6, 0, 2, 157.445, 3, 54.74
25, 38, 1, 42.17, 196, 189, 1, 5, 64.2055, 196, 54.53
25, 8, 1, 39.36, 13, -14, 0, 7, 434.352, 13, 43.52
25, 1, 1, 37.99, 127, 5, 0, 7, 389.202, 127, 43.52
25, 4, 1, 29.13, 1831, -4, 0, 8, 7939.09, 1831, 42.13
25, 6, 1, 26.95, 378, 4, 0, 6, 1554.82, 378, 40.4
25, 42, 1, 40.83, 3088, 122, 1, 7, 0, 3088, 40.4
25, 5, 1, 36.12, 65, 6, 0, 9, 936.865, 65, 40.4
25, 24, 1, 30.75, 39, -3, 0, 8, 1431.02, 39, 40.4
25, 17, 1, 20.48, 45, -12, 0, 9, 2564.12, 45, 40.4
25, 19, 1, 5.2, 78, 21, 0, 10, 196.737, 78, 40.4
25, 36, 1, 10.2, 37, 162, 1, 2, 86.3244, 37, 40.4
25, 37, 1, 24.78, 361, 111, 1, 4, 193.036, 361, 40.4
25, 10, 1, 32.16, 138, -27, 0, 2, 1642.92, 138, 40.4
25, 20, 1, 18.62, 176, -20, 0, 5, 3163.63, 176, 40.4
25, 18, 1, 15.3, 71, 0, 0, 10, 1040.2, 71, 40.4
25, 7, 1, 20.81, 34, 13, 0, 6, 254.962, 34, 40.4
25, 26, 1, 33.1, 187, 179, 1, 4, 40.4713, 187, 40.4
25, 14, 1, 33.38, 43, -4, 0, 5, 279.667, 43, 40.4
25, 23, 1, 38.97, 18, -18, 0, 9, 6139.26, 18, 40.4
25, 47, 1, 31.39, 5, -112, 1, 4, 1665.37, 5, 40.4
25, 29, 1, 38.8, 280, 194, 1, 3, 0, 280, 40.4
25, 2, 1, 13.77, 1564, 9, 0, 4, 202.39, 1564, 40.4
25, 12, 1, 23.38, 2, 6, 0, 4, 96.7194, 2, 40.4
25, 34, 1, 32.41, 55, 147, 1, 4, 42.0365, 55, 40.4
25, 0, 1, 9.27, 16, -14, 0, 2, 158.411, 16, 40.4
25, 16, 1, 19.06, 94, 6, 0, 5, 643.49, 94, 40.4
25, 33, 1, 31.53, 294, 195, 1, 8, 156.099, 294, 40.4
25, 11, 1, 30.19, 13, 8, 0, 4, 122.179, 13, 40.4
25, 28, 1, 26.74, 3, 107, 1, 8, 47.4497, 3, 40.4
25, 15, 1, 17, 219, -12, 0, 7, 6561.28, 219, 40.4
25, 30, 1, 25.5, 33, -194, 1, 9, 62642.6, 33, 40.4
25, 27, 1, 17.22, 17, 139, 1, 5, 50.2262, 17, 40.4
25, 3, 1, 29.16, 161, -8, 0, 2, 228.536, 161, 40.4
26, 1, 1, 20.56, 85, 5, 0, 7, 5844.56, 85, 40.4
26, 13, 1, 30.76, 205, 2, 0, 8, 8789.2, 205, 40.4
26, 22, 1, 27.69, 85, -4, 0, 8, 7529.38, 85, 40.4
26, 38, 1, 33.96, 133, 189, 1, 5, 9928.79, 133, 40.4
26, 4, 1, 26.19, 193, -4, 0, 8, 15812.3, 193, 40.4
26, 9, 1, 35.62, 53, -4, 0, 2, 3016.32, 53, 40.4
26, 21, 1, 21.9, 1, -6, 0, 2, 321.245, 1, 40.4
26, 25, 1, 27.19, 8, -118, 1, 4, 2678.18, 8, 40.4
26, 41, 1, 34.98, 19, -182, 1, 5, 53711.2, 19, 40.4
36, 10, 1, 26.87, 138, -27, 0, 2, 1642.92, 138, 40.4
36, 34, 1, 27.55, 55, 147, 1, 4, 42.0365, 55, 40.4
36, 2, 1, 18.84, 1564, 9, 0, 4, 202.39, 1564, 40.4
36, 23, 1, 36.24, 18, -18, 0, 9, 6139.26, 18, 40.4
36, 0, 1, 16.12, 16, -14, 0, 2, 158.411, 16, 40.4
36, 14, 1, 40.6, 43, -4, 0, 5, 279.667, 43, 40.4
36, 37, 1, 18.17, 361, 111, 1, 4, 193.036, 361, 40.4
36, 36, 1, 8.1, 37, 162, 1, 2, 86.3244, 37, 40.4
36, 5, 1, 20.62, 65, 6, 0, 9, 936.865, 65, 40.4
36, 30, 1, 4.93, 33, -194, 1, 9, 62642.6, 33, 40.4
36, 16, 1, 26.71, 94, 6, 0, 5, 643.49, 94, 40.4
36, 26, 1, 10.97, 187, 179, 1, 4, 40.4713, 187, 40.4
36, 42, 1, 32.16, 3088, 122, 1, 7, 0, 3088, 40.4
36, 4, 1, 13.22, 1638, -4, 0, 8, 15812.3, 1638, 40.4
36, 6, 1, 38.98, 378, 4, 0, 6, 1554.82, 378, 40.4
36, 3, 1, 41.07, 161, -8, 0, 2, 228.536, 161, 40.4
36, 33, 1, 33.4, 294, 195, 1, 8, 156.099, 294, 40.4
36, 27, 1, 40.07, 17, 139, 1, 5, 50.2262, 17, 40.4
36, 19, 1, 27.37, 78, 21, 0, 10, 196.737, 78, 40.4
36, 28, 1, 19.71, 3, 107, 1, 8, 47.4497, 3, 40.4
36, 15, 1, 23.01, 219, -12, 0, 7, 6561.28, 219, 40.4
36, 20, 1, 26.65, 176, -20, 0, 5, 3163.63, 176, 40.4
36, 24, 1, 27.41, 39, -3, 0, 8, 1431.02, 39, 40.4
36, 12, 1, 40.27, 2, 6, 0, 4, 96.7194, 2, 40.4
36, 11, 1, 32.98, 13, 8, 0, 4, 122.179, 13, 40.4
36, 18, 1, 28.23, 71, 0, 0, 10, 1040.2, 71, 40.4
36, 17, 1, 36.09, 45, -12, 0, 9, 2564.12, 45, 40.4
36, 7, 1, 36.83, 34, 13, 0, 6, 254.962, 34, 40.4
36, 47, 1, 34.19, 5, -112, 1, 4, 1665.37, 5, 40.4
36, 29, 1, 15.96, 280, 194, 1, 3, 0, 280, 40.4
37, 13, 1, 18.16, 205, 2, 0, 8, 8789.2, 205, 40.4
37, 4, 1, 10.96, 193, -4, 0, 8, 15812.3, 193, 40.4
37, 21, 1, 31.3, 1, -6, 0, 2, 321.245, 1, 40.4
37, 22, 1, 29.11, 85, -4, 0, 8, 7529.38, 85, 40.4
37, 9, 1, 11.17, 53, -4, 0, 2, 3016.32, 53, 40.4
37, 25, 1, 14.06, 8, -118, 1, 4, 2678.18, 8, 40.4
37, 38, 1, 16.09, 133, 189, 1, 5, 9928.79, 133, 40.4
37, 1, 1, 33.88, 85, 5, 0, 7, 5844.56, 85, 40.4
37, 41, 1, 7.75, 19, -182, 1, 5, 53711.2, 19, 40.4
47, 28, 1, 34.76, 3, 107, 1, 8, 47.4497, 3, 40.4
47, 27, 1, 37.42, 17, 139, 1, 5, 50.2262, 17, 40.4
47, 5, 1, 40.04, 65, 6, 0, 9, 936.865, 65, 40.4
47, 16, 1, 27.72, 94, 6, 0, 5, 643.49, 94, 40.4
47, 47, 1, 26.71, 5, -112, 1, 4, 1665.37, 5, 40.4
47, 17, 1, 18.79, 45, -12, 0, 9, 2564.12, 45, 40.4
47, 29, 1, 24.01, 280, 194, 1, 3, 0, 280, 40.4
47, 10, 1, 22.53, 138, -27, 0, 2, 1642.92, 138, 40.4
47, 2, 1, 12.12, 1564, 9, 0, 4, 202.39, 1564, 40.4
47, 0, 1, 40.39, 16, -14, 0, 2, 158.411, 16, 40.4
47, 19, 1, 27.77, 78, 21, 0, 10, 196.737, 78, 40.4
47, 33, 1, 2.23, 294, 195, 1, 8, 156.099, 294, 40.4
47, 30, 1, 35.2, 33, -194, 1, 9, 62642.6, 33, 40.4
47, 11, 1, 34.59, 13, 8, 0, 4, 122.179, 13, 40.4
47, 18, 1, 37.38, 71, 0, 0, 10, 1040.2, 71, 40.4
47, 37, 1, 41.12, 361, 111, 1, 4, 193.036, 361, 40.4
47, 42, 1, 28.8, 3088, 122, 1, 7, 0, 3088, 40.4
47, 14, 1, 27.29, 43, -4, 0, 5, 279.667, 43, 40.4
47, 36, 1, 26.75, 37, 162, 1, 2, 86.3244, 37, 40.4
47, 26, 1, 30.93, 187, 179, 1, 4, 40.4713, 187, 40.4
47, 6, 1, 38.79, 378, 4, 0, 6, 1554.82, 378, 40.4
47, 15, 1, 34.94, 219, -12, 0, 7, 6561.28, 219, 40.4
47, 34, 1, 36.29, 55, 147, 1, 4, 42.0365, 55, 40.4
47, 23, 1, 31.65, 18, -18, 0, 9, 6139.26, 18, 40.4
47, 3, 1, 39.59, 161, -8, 0, 2, 228.536, 161, 40.4
47, 12, 1, 35.32, 2, 6, 0, 4, 96.7194, 2, 40.4
47, 4, 1, 16.55, 1638, -4, 0, 8, 15812.3, 1638, 40.4
47, 20, 1, 12.65, 176, -20, 0, 5, 3163.63, 176, 40.4
47, 7, 1, 8.55, 34, 13, 0, 6, 254.962, 34, 40.4
47, 24, 1, 21.3, 39, -3, 0, 8, 1431.02, 39, 40.4
48, 1, 1, 34.24, 85, 5, 0, 7, 5844.56, 85, 40.4
48, 25, 1, 30.14, 8, -118, 1, 4, 2678.18, 8, 40.4
48, 4, 1, 27.49, 193, -4, 0, 8, 15812.3, 193, 40.4
48, 38, 1, 41.32, 133, 189, 1, 5, 9928.79, 133, 40.4
48, 41, 1, 36.57, 19, -182, 1, 5, 53711.2, 19, 40.4
48, 13, 1, 18.59, 205, 2, 0, 8, 8789.2, 205, 40.4
48, 22, 1, 35.21, 85, -4, 0, 8, 7529.38, 85, 40.4
48, 21, 1, 26.69, 1, -6, 0, 2, 321.245, 1, 40.4
48, 9, 1, 17.9, 53, -4, 0, 2, 3016.32, 53, 40.4
50, 24, 0, 57.71, 14, -3, 0, 8, 1431.02, 0, 40.4
50, 2, 0, 14.06, 1, 9, 0, 4, 202.39, 0, 2.23
50, 44, 0, 8.21, 33, -139, 1, 6, 1616.73, 0, 2.23
50, 31, 0, 21.13, 242, -127, 1, 4, 16675, 0, 2.23
50, 15, 0, 29.92, 66, -12, 0, 7, 6561.28, 0, 2.23
50, 8, 0, 5.32, 10, -14, 0, 7, 1000.11, 0, 2.23
50, 46, 0, 2.37, 214, -183, 1, 7, 6739.62, 0, 2.23
50, 19, 0, 98.87, 1, 21, 0, 10, 196.737, 0, 2.23
50, 21, 0, 35.17, 2, -6, 0, 2, 321.245, 0, 2.23
50, 18, 0, 74.27, 10, 0, 0, 10, 1040.2, 0, 2.23
50, 17, 0, 46.92, 27, -12, 0, 9, 2564.12, 0, 2.23
50, 3, 0, 10.76, 1, -8, 0, 2, 228.536, 0, 2.23
50, 23, 0, 4.84, 69, -18, 0, 9, 6139.26, 0, 2.23
50, 35, 0, 6.71, 90, -192, 1, 7, 2671.88, 0, 2.23
50, 38, 0, 177.86, 38, 189, 1, 5, 9928.79, 0, 2.23
50, 40, 0, 4.85, 17, -103, 1, 3, 1541.5, 0, 2.23
50, 37, 0, 2.18, 1, 111, 1, 4, 193.036, 0, 2.23
50, 5, 0, 91.74, 8, 6, 0, 9, 936.865, 0, 2.23
50, 30, 0, 3.4, 2869, -194, 1, 9, 62642.6, 0, 2.23
50, 1, 0, 77.02, 53, 5, 0, 7, 5844.56, 0, 2.23
50, 16, 0, 32.09, 5, 6, 0, 5, 643.49, 0, 2.23
50, 39, 0, 28.45, 169, -170, 1, 5, 8064.69, 0, 2.23
50, 43, 0, 53.89, 2, -176, 1, 4, 143.141, 0, 2.23
50, 48, 0, 35.81, 24, -135, 1, 6, 1220.48, 0, 2.23
50, 7, 0, 67.57, 2, 13, 0, 6, 254.962, 0, 2.23
50, 25, 0, 18.43, 37, -118, 1, 4, 2678.18, 0, 2.23
50, 33, 0, 169.69, 2, 195, 1, 8, 811.719, 0, 2.23
50, 11, 0, 9.4, 1, 8, 0, 4, 122.179, 0, 2.23
50, 14, 0, 35.25, 2, -4, 0, 5, 279.667, 0, 2.23
50, 45, 0, 4.54, 56, -170, 1, 9, 1485.73, 0, 2.23
50, 13, 0, 2.54, 83, 2, 0, 8, 8789.2, 0, 2.23
50, 6, 0, 7.95, 13, 4, 0, 6, 1554.82, 0, 2.23
50, 9, 0, 46.05, 25, -4, 0, 2, 3016.32, 0, 2.23
50, 22, 0, 84.58, 74, -4, 0, 8, 7529.38, 0, 2.23
50, 32, 0, 31.54, 9, -197, 1, 2, 713.441, 0, 2.23
50, 41, 0, 14.74, 1208, -182, 1, 5, 53711.2, 0, 2.23
50, 49, 0, 13.96, 41, -115, 1, 9, 1668.77, 0, 2.23
50, 10, 0, 13.2, 14, -27, 0, 2, 1642.92, 0, 2.23
50, 47, 0, 17.07, 22, -112, 1, 4, 1665.37, 0, 2.23
50, 4, 0, 2.74, 156, -4, 0, 8, 15812.3, 0, 2.23
50, 0, 0, 48.66, 1, -14, 0, 2, 158.411, 0, 2.23
50, 20, 0, 10.25, 31, -20, 0, 5, 3163.63, 0, 2.23
51, 0, 0, 85.24, 1, -14, 0, 2, 146.291, 1, 13.69
51, 7, 0, 39.06, 28, 13, 0, 6, 3399.52, 2, 13.69
51, 22, 0, 56, 65, -4, 0, 8, 6632.5, 74, 13.69
51, 5, 0, 21.09, 7, 6, 0, 9, 839.905, 8, 13.69
51, 19, 0, 40.77, 1, 21, 0, 10, 184.617, 1, 13.69
51, 48, 0, 42.07, 18, -135, 1, 6, 929.604, 24, 13.69
51, 8, 0, 51.42, 9, -14, 0, 7, 946.912, 0, 13.69
51, 17, 0, 21.61, 24, -12, 0, 9, 2236.88, 27, 13.69
51, 16, 0, 62.32, 5, 6, 0, 5, 582.89, 5, 13.69
51, 35, 0, 13.11, 70, -192, 1, 7, 2067.98, 0, 13.69
51, 46, 0, 29.46, 198, -183, 1, 7, 6232.44, 0, 13.69
51, 41, 0, 30.73, 876, -182, 1, 5, 38953.4, 1199, 13.69
51, 23, 0, 29.13, 65, -18, 0, 9, 5805.3, 0, 13.69
51, 38, 0, 42.83, 37, 189, 1, 5, 9589.61, 38, 13.69
51, 9, 0, 15.42, 22, -4, 0, 2, 2713.32, 25, 13.69
51, 30, 0, 21.24, 1479, -194, 1, 9, 52888, 0, 13.69
51, 21, 0, 35.06, 2, -6, 0, 2, 297.005, 2, 13.69
51, 1, 0, 13.5, 47, 5, 0, 7, 5202.2, 53, 13.69
51, 47, 0, 45.83, 19, -112, 1, 4, 1398.73, 22, 13.69
51, 13, 0, 57.27, 81, 2, 0, 8, 8578.38, 0, 13.69
51, 18, 0, 22.31, 9, 0, 0, 10, 918.999, 10, 13.69
51, 37, 0, 150.53, 1, 111, 1, 4, 190.856, 0, 13.69
51, 4, 0, 17.39, 152, -4, 0, 8, 15384.9, 0, 13.69
51, 25, 0, 15.29, 31, -118, 1, 4, 2229.74, 37, 13.69
51, 32, 0, 20.53, 7, -197, 1, 2, 604.361, 9, 13.69
51, 43, 0, 14.48, 2, -176, 1, 4, 118.901, 2, 13.69
51, 40, 0, 51.16, 16, -103, 1, 3, 1459.05, 0, 13.69
51, 10, 0, 15.73, 12, -27, 0, 2, 1458.12, 0, 13.69
51, 14, 0, 82.85, 2, -4, 0, 5, 255.427, 2, 13.69
51, 2, 0, 14.29, 249, 9, 0, 4, 29637, 1, 13.69
51, 49, 0, 19.46, 27, -115, 1, 9, 1096.41, 0, 13.69
51, 44, 0, 17, 31, -139, 1, 6, 1543.14, 33, 13.69
51, 39, 0, 39.51, 126, -170, 1, 5, 6016.41, 169, 13.69
51, 24, 0, 69.56, 13, -3, 0, 8, 1399.8, 14, 13.69
51, 15, 0, 58.49, 59, -12, 0, 7, 5920.6, 66, 13.69
51, 45, 0, 13.94, 46, -170, 1, 9, 1231.49, 0, 13.69
51, 33, 0, 100.39, 2, 195, 1, 8, 787.479, 2, 13.69
51, 6, 0, 23.7, 13, 4, 0, 6, 1451.47, 0, 13.69
51, 3, 0, 13.02, 1, -8, 0, 2, 217.776, 0, 13.69
51, 31, 0, 24.37, 234, -127, 1, 4, 16135.4, 242, 13.69
51, 20, 0, 49.95, 51, -20, 0, 5, 5255.32, 0, 13.69
52, 49, 0, 25.14, 14, -115, 1, 9, 570.986, 0, 21.45
52, 47, 0, 20.27, 14, -112, 1, 4, 1084.28, 41, 21.3
52, 7, 0, 91.84, 25, 13, 0, 6, 2936.12, 30, 21.3
52, 33, 0, 149.71, 1, 195, 1, 8, 754.379, 4, 21.3
52, 25, 0, 27.95, 24, -118, 1, 4, 1755.75, 37, 21.3
52, 17, 0, 79.79, 29, -12, 0, 9, 2694.39, 51, 21.3
52, 32, 0, 54.81, 5, -197, 1, 2, 460.651, 9, 21.3
52, 21, 0, 27.33, 2, -6, 0, 2, 263.905, 4, 21.3
52, 5, 0, 32.23, 6, 6, 0, 9, 692.275, 8, 21.3
52, 4, 0, 28.76, 558, -4, 0, 8, 56464.6, 0, 21.3
52, 15, 0, 27.99, 50, -12, 0, 7, 4944.15, 125, 21.3
52, 39, 0, 38.55, 82, -170, 1, 5, 3931.11, 295, 21.3
52, 19, 0, 39.7, 1, 21, 0, 10, 168.067, 2, 21.3
52, 46, 0, 30.06, 46, -183, 1, 7, 2955.54, 198, 21.3
52, 48, 0, 26.54, 12, -135, 1, 6, 631.704, 42, 21.3
52, 14, 0, 23.85, 2, -4, 0, 5, 222.327, 4, 21.3
52, 24, 0, 36.39, 19, -3, 0, 8, 2017.45, 27, 21.3
52, 20, 0, 42.38, 43, -20, 0, 5, 4411.27, 51, 21.3
52, 44, 0, 22.23, 20, -139, 1, 6, 1016.14, 33, 21.3
52, 30, 0, 20.54, 25, -194, 1, 9, 21474, 0, 21.3
52, 6, 0, 96.25, 10, 4, 0, 6, 1207.2, 13, 21.3
52, 43, 0, 31.56, 1, -176, 1, 4, 89.9406, 2, 21.3
52, 40, 0, 20.61, 13, -103, 1, 3, 1194.25, 16, 21.3
52, 1, 0, 60.72, 41, 5, 0, 7, 4567.7, 53, 21.3
52, 37, 0, 158.07, 1, 111, 1, 4, 174.306, 1, 21.3
52, 31, 0, 23.86, 171, -127, 1, 4, 11793.8, 476, 21.3
52, 38, 0, 241.64, 35, 189, 1, 5, 8977.26, 75, 21.3
52, 3, 0, 31.02, 1, -8, 0, 2, 204.756, 0, 21.3
52, 0, 0, 103.36, 1, -14, 0, 2, 129.741, 2, 21.3
52, 45, 0, 22.08, 6, -170, 1, 9, 590.249, 0, 21.3
52, 8, 0, 30.44, 8, -14, 0, 7, 797.962, 9, 21.3
52, 23, 0, 59.19, 53, -18, 0, 9, 4679.6, 65, 21.3
52, 16, 0, 70.01, 4, 6, 0, 5, 500.14, 10, 21.3
52, 13, 0, 52.78, 110, 2, 0, 8, 11641.2, 81, 21.3
52, 9, 0, 29.34, 29, -4, 0, 2, 3582.03, 25, 21.3
52, 2, 0, 78.41, 219, 9, 0, 4, 26078.8, 1, 21.3
52, 18, 0, 62.43, 7, 0, 0, 10, 749.889, 19, 21.3
52, 10, 0, 32.27, 11, -27, 0, 2, 1269.36, 0, 21.3
52, 41, 0, 25.47, 550, -182, 1, 5, 24455.6, 2075, 21.3
52, 22, 0, 55.95, 54, -4, 0, 8, 5556.75, 139, 21.3
52, 35, 0, 25.92, 16, -192, 1, 7, 1150.28, 0, 21.3
53, 32, 0, 47.62, 4, -197, 1, 2, 324.201, 14, 28.26
53, 18, 0, 58.72, 5, 0, 0, 10, 581.819, 26, 28.8
53, 49, 0, 32.58, 3, -115, 1, 9, 272.786, 14, 28.8
53, 7, 0, 63.95, 28, 13, 0, 6, 3396.64, 55, 28.8
53, 5, 0, 59.05, 4, 6, 0, 9, 525.955, 14, 28.8
53, 42, 0, 126.71, 5, 122, 1, 7, 1267.2, 0, 28.8
53, 10, 0, 29.68, 96, -27, 0, 2, 11076.7, 11, 28.8
53, 46, 0, 27.39, 5, -183, 1, 7, 1679.87, 244, 28.8
53, 14, 0, 58.78, 17, -4, 0, 5, 1913.74, 4, 28.8
53, 2, 0, 32.98, 175, 9, 0, 4, 20890.2, 220, 28.8
53, 41, 0, 44.18, 128, -182, 1, 5, 10447.1, 2075, 28.8
53, 25, 0, 28.06, 15, -118, 1, 4, 1084.95, 37, 28.8
53, 44, 0, 28.72, 11, -139, 1, 6, 571.544, 33, 28.8
53, 4, 0, 27.54, 469, -4, 0, 8, 47478.5, 38, 28.8
53, 3, 0, 63.86, 1, -8, 0, 2, 177.036, 1, 28.8
53, 40, 0, 31.22, 10, -103, 1, 3, 926.32, 16, 28.8
53, 22, 0, 49.04, 40, -4, 0, 8, 4116.41, 193, 28.8
53, 15, 0, 54.01, 35, -12, 0, 7, 3544.65, 125, 28.8
53, 24, 0, 72.83, 14, -3, 0, 8, 1490.77, 46, 28.8
53, 48, 0, 35.19, 5, -135, 1, 6, 313.224, 42, 28.8
53, 13, 0, 28.94, 81, 2, 0, 8, 8623.33, 191, 28.8
53, 1, 0, 35.31, 32, 5, 0, 7, 3583.29, 94, 28.8
53, 9, 0, 58.96, 23, -4, 0, 2, 2776.7, 54, 28.8
53, 36, 0, 48.68, 9, 162, 1, 2, 1616.27, 0, 28.8
53, 29, 0, 185.35, 67, 194, 1, 3, 13360.2, 0, 28.8
53, 47, 0, 38.92, 13, -112, 1, 4, 1007.15, 41, 28.8
53, 38, 0, 27.94, 32, 189, 1, 5, 8188.71, 110, 28.8
53, 21, 0, 45.42, 2, -6, 0, 2, 250.565, 4, 28.8
53, 31, 0, 33.63, 112, -127, 1, 4, 7713.69, 476, 28.8
53, 39, 0, 44.63, 23, -170, 1, 5, 1673.94, 377, 28.8
53, 19, 0, 91.38, 19, 21, 0, 10, 2360.42, 3, 28.8
53, 16, 0, 36.62, 28, 6, 0, 5, 3256.25, 14, 28.8
53, 23, 0, 32.98, 38, -18, 0, 9, 3407.07, 118, 28.8
53, 8, 0, 44.68, 5, -14, 0, 7, 576.202, 17, 28.8
53, 33, 0, 81.76, 1, 195, 1, 8, 731.849, 5, 28.8
53, 6, 0, 51.51, 8, 4, 0, 6, 981.904, 23, 28.8
53, 20, 0, 46.65, 31, -20, 0, 5, 3229.2, 94, 28.8
53, 17, 0, 27.43, 22, -12, 0, 9, 2041.02, 80, 28.8
54, 46, 0, 27.51, 5, -183, 1, 7, 1542.92, 244, 28.8
54, 38, 0, 85.19, 28, 189, 1, 5, 7294.63, 110, 28.8
54, 47, 0, 27.45, 8, -112, 1, 4, 632.755, 54, 28.8
54, 29, 0, 80.57, 57, 194, 1, 3, 11430.6, 67, 28.8
54, 7, 0, 52.4, 22, 13, 0, 6, 2590.24, 83, 28.8
54, 31, 0, 65.71, 65, -127, 1, 4, 4488.09, 588, 28.8
54, 24, 0, 32.29, 10, -3, 0, 8, 1087.57, 60, 28.8
54, 21, 0, 43.61, 1, -6, 0, 2, 192.965, 6, 28.8
54, 44, 0, 47.48, 3, -139, 1, 6, 255.624, 33, 28.8
54, 3, 0, 27.73, 1, -8, 0, 2, 148.236, 2, 28.8
54, 20, 0, 84.28, 22, -20, 0, 5, 2336.4, 125, 28.8
54, 4, 0, 46.99, 341, -4, 0, 8, 34562.2, 38, 28.8
54, 41, 0, 28.8, 127, -182, 1, 5, 6760.69, 2203, 28.8
54, 16, 0, 87.79, 21, 6, 0, 5, 2449.85, 42, 28.8
54, 43, 0, 28.61, 1, -176, 1, 4, 62.2206, 3, 28.8
54, 1, 0, 56.96, 24, 5, 0, 7, 2661.69, 126, 28.8
54, 40, 0, 39.9, 7, -103, 1, 3, 638.32, 26, 28.8
54, 8, 0, 75.48, 4, -14, 0, 7, 432.202, 22, 28.8
54, 36, 0, 27.38, 8, 162, 1, 2, 1357.07, 9, 28.8
54, 17, 0, 75.42, 15, -12, 0, 9, 1437.56, 80, 28.8
54, 14, 0, 28.07, 12, -4, 0, 5, 1424.14, 21, 28.8
54, 5, 0, 28.81, 3, 6, 0, 9, 410.755, 18, 28.8
54, 23, 0, 31.85, 26, -18, 0, 9, 2312.67, 156, 28.8
54, 10, 0, 76.57, 72, -27, 0, 2, 8311.95, 107, 28.8
54, 2, 0, 40.5, 133, 9, 0, 4, 15850.2, 395, 28.8
54, 33, 0, 31.21, 1, 195, 1, 8, 703.049, 6, 28.8
54, 6, 0, 52.28, 6, 4, 0, 6, 751.504, 31, 28.8
54, 18, 0, 33.75, 4, 0, 0, 10, 437.819, 31, 28.8
54, 9, 0, 58.95, 17, -4, 0, 2, 2114.3, 77, 28.8
54, 42, 0, 186.88, 264, 122, 1, 7, 59500.8, 5, 28.8
54, 15, 0, 31.21, 25, -12, 0, 7, 2536.65, 160, 28.8
54, 49, 0, 29.65, 2, -115, 1, 9, 186.386, 17, 28.8
54, 22, 0, 28.78, 29, -4, 0, 8, 2964.41, 233, 28.8
54, 39, 0, 33.63, 19, -170, 1, 5, 1011.54, 400, 28.8
54, 25, 0, 63.09, 9, -118, 1, 4, 664.049, 37, 28.8
54, 13, 0, 28.37, 59, 2, 0, 8, 6290.53, 272, 28.8
54, 19, 0, 50.84, 15, 21, 0, 10, 1813.22, 22, 28.8
54, 48, 0, 27.62, 3, -135, 1, 6, 169.224, 47, 28.8
54, 32, 0, 60.29, 2, -197, 1, 2, 209.001, 18, 28.8
55, 22, 0, 49.51, 21, -4, 0, 8, 2129.79, 233, 28.8
55, 48, 0, 27.36, 1, -135, 1, 6, 86.3644, 47, 28.8
55, 18, 0, 42.54, 3, 0, 0, 10, 322.619, 35, 28.8
55, 2, 0, 31.24, 101, 9, 0, 4, 12019.8, 528, 28.8
55, 40, 0, 56.48, 5, -103, 1, 3, 436.72, 33, 28.8
55, 21, 0, 102.93, 1, -6, 0, 2, 164.165, 7, 28.8
55, 9, 0, 28.22, 13, -4, 0, 2, 1624.7, 94, 28.8
55, 47, 0, 60.83, 5, -112, 1, 4, 413.155, 54, 28.8
55, 1, 0, 92.5, 17, 5, 0, 7, 1970.49, 150, 28.8
55, 49, 0, 29.16, 1, -115, 1, 9, 128.786, 19, 28.8
55, 25, 0, 70.53, 5, -118, 1, 4, 404.849, 46, 28.8
55, 20, 0, 51.26, 16, -20, 0, 5, 1702.8, 147, 28.8
55, 6, 0, 31.05, 5, 4, 0, 6, 578.704, 37, 28.8
55, 4, 0, 87.01, 244, -4, 0, 8, 24741.4, 379, 28.8
55, 17, 0, 30.43, 10, -12, 0, 9, 1005.56, 95, 28.8
55, 24, 0, 88.04, 7, -3, 0, 8, 799.568, 70, 28.8
55, 38, 0, 125.14, 25, 189, 1, 5, 6488.23, 138, 28.8
55, 46, 0, 28.32, 4, -183, 1, 7, 1405.37, 244, 28.8
55, 32, 0, 74.67, 1, -197, 1, 2, 151.401, 20, 28.8
55, 16, 0, 29.82, 16, 6, 0, 5, 1845.05, 63, 28.8
55, 41, 0, 41.93, 40, -182, 1, 5, 3103.09, 2330, 28.8
55, 3, 0, 32.56, 1, -8, 0, 2, 120.506, 2, 28.8
55, 15, 0, 38.47, 18, -12, 0, 7, 1816.65, 185, 28.8
55, 7, 0, 32.64, 16, 13, 0, 6, 1956.64, 105, 28.8
55, 33, 0, 56.99, 1, 195, 1, 8, 674.249, 7, 28.8
55, 10, 0, 35.35, 54, -27, 0, 2, 6238.35, 179, 28.8
55, 13, 0, 52.72, 43, 2, 0, 8, 4616.7, 272, 28.8
55, 42, 0, 54.02, 357, 122, 1, 7, 80467.2, 269, 28.8
55, 44, 0, 36.32, 2, -139, 1, 6, 169.224, 36, 28.8
55, 29, 0, 171.87, 49, 194, 1, 3, 9789, 124, 28.8
55, 14, 0, 31.63, 9, -4, 0, 5, 1087.3, 21, 28.8
55, 31, 0, 64.67, 38, -127, 1, 4, 2616.09, 653, 28.8
55, 36, 0, 31.49, 6, 162, 1, 2, 1138.03, 9, 28.8
55, 19, 0, 41.75, 11, 21, 0, 10, 1381.22, 37, 28.8
55, 23, 0, 32.94, 17, -18, 0, 9, 1563.87, 182, 28.8
55, 39, 0, 42.86, 6, -170, 1, 5, 464.337, 419, 28.8
55, 8, 0, 29.5, 3, -14, 0, 7, 317.002, 26, 28.8
55, 5, 0, 67.42, 3, 6, 0, 9, 324.355, 21, 28.8
56, 9, 0, 40.24, 10, -4, 0, 2, 1257.84, 94, 35.63
56, 25, 0, 35.13, 14, -118, 1, 4, 1068.85, 51, 34.94
56, 15, 0, 96, 77, -12, 0, 7, 7667.05, 203, 34.94
56, 17, 0, 69.48, 7, -12, 0, 9, 717.564, 105, 34.94
56, 19, 0, 49.2, 8, 21, 0, 10, 996.877, 48, 34.94
56, 31, 0, 42.35, 20, -127, 1, 4, 1440.75, 691, 34.94
56, 39, 0, 38.32, 2, -170, 1, 5, 254.697, 425, 34.94
56, 33, 0, 211.5, 1, 195, 1, 8, 645.449, 8, 34.94
56, 26, 0, 111.3, 48, 179, 1, 4, 10621.1, 0, 34.94
56, 13, 0, 46.26, 32, 2, 0, 8, 3378.3, 315, 34.94
56, 11, 0, 73.87, 5, 8, 0, 4, 688.679, 0, 34.94
56, 41, 0, 33.49, 15, -182, 1, 5, 1951.09, 2370, 34.94
56, 32, 0, 56.54, 1, -197, 1, 2, 122.601, 21, 34.94
56, 21, 0, 33.87, 1, -6, 0, 2, 135.365, 8, 34.94
56, 16, 0, 38.21, 12, 6, 0, 5, 1384.25, 79, 34.94
56, 23, 0, 36.37, 20, -18, 0, 9, 1774.83, 182, 34.94
56, 22, 0, 87.01, 15, -4, 0, 8, 1524.99, 254, 34.94
56, 8, 0, 75.9, 2, -14, 0, 7, 228.502, 26, 34.94
56, 38, 0, 165.85, 22, 189, 1, 5, 5768.23, 163, 34.94
56, 10, 0, 107.06, 40, -27, 0, 2, 4683.15, 233, 34.94
56, 40, 0, 54.04, 3, -103, 1, 3, 292.72, 38, 34.94
56, 24, 0, 49.49, 5, -3, 0, 8, 597.969, 77, 34.94
56, 18, 0, 43.7, 2, 0, 0, 10, 236.219, 38, 34.94
56, 4, 0, 74.88, 175, -4, 0, 8, 17714.2, 623, 34.94
56, 47, 0, 35.2, 3, -112, 1, 4, 269.155, 59, 34.94
56, 1, 0, 39.01, 47, 5, 0, 7, 5231.94, 167, 34.94
56, 29, 0, 69.83, 41, 194, 1, 3, 8279.75, 173, 34.94
56, 6, 0, 82.04, 3, 4, 0, 6, 434.704, 42, 34.94
56, 42, 0, 58.13, 314, 122, 1, 7, 70762.5, 626, 34.94
56, 20, 0, 49.75, 12, -20, 0, 5, 1242, 163, 34.94
56, 7, 0, 109.68, 12, 13, 0, 6, 1495.84, 121, 34.94
56, 5, 0, 97.57, 2, 6, 0, 9, 231.565, 24, 34.94
56, 36, 0, 99.54, 5, 162, 1, 2, 949.094, 9, 34.94
56, 14, 0, 34.96, 7, -4, 0, 5, 802.627, 21, 34.94
56, 46, 1, 36.24, 24, -183, 1, 7, 1292.09, 244, 34.94
56, 2, 0, 111.44, 5, 9, 0, 4, 9111, 629, 111.3
57, 5, 0, 94.24, 1, 6, 0, 9, 161.145, 26, 40.97
57, 6, 0, 41.67, 172, 4, 0, 6, 19238.8, 45, 39.59
57, 42, 0, 209.89, 260, 122, 1, 7, 58564.8, 940, 40.04
57, 13, 0, 96.18, 20, 2, 0, 8, 2111.42, 347, 40.04
57, 17, 0, 60.93, 4, -12, 0, 9, 446.034, 112, 40.04
57, 8, 0, 47.12, 1, -14, 0, 7, 155.922, 28, 40.04
57, 16, 0, 40.06, 8, 6, 0, 5, 925.729, 79, 40.04
57, 7, 0, 50.22, 9, 13, 0, 6, 1073.32, 133, 40.04
57, 24, 0, 43.78, 3, -3, 0, 8, 400.018, 82, 40.04
57, 47, 0, 67.76, 1, -112, 1, 4, 163.555, 59, 40.04
57, 40, 0, 48.35, 2, -103, 1, 3, 173.95, 41, 40.04
57, 27, 0, 207.66, 4, 139, 1, 5, 1004.78, 0, 40.04
57, 10, 0, 114.01, 28, -27, 0, 2, 3274.75, 273, 40.04
57, 33, 0, 38.1, 1, 195, 1, 8, 609.209, 9, 40.04
57, 18, 0, 38.89, 41, 0, 0, 10, 4142.27, 40, 40.04
57, 1, 0, 39.21, 30, 5, 0, 7, 3398.47, 167, 40.04
57, 38, 0, 140.29, 19, 189, 1, 5, 4970.95, 185, 40.04
57, 41, 0, 39.89, 6, -182, 1, 5, 2507.42, 2370, 40.04
57, 3, 0, 74.92, 58, -8, 0, 2, 6962.14, 3, 40.04
57, 11, 0, 50.73, 4, 8, 0, 4, 494.729, 5, 40.04
57, 25, 0, 43.42, 8, -118, 1, 4, 579.689, 65, 40.04
57, 4, 0, 48.98, 110, -4, 0, 8, 11179, 798, 40.04
57, 19, 0, 53.04, 5, 21, 0, 10, 680.157, 56, 40.04
57, 23, 0, 79.02, 11, -18, 0, 9, 1047.43, 182, 40.04
57, 36, 0, 86.42, 4, 162, 1, 2, 773.044, 14, 40.04
57, 46, 1, 41.55, 52, -183, 1, 7, 5263.59, 243, 40.04
57, 29, 1, 215.76, 11, 194, 1, 3, 6689.36, 214, 209.89
57, 31, 1, 217.6, 478, -127, 1, 4, 648.952, 711, 209.89
57, 44, 1, 219.95, 29, -139, 1, 6, 99.3443, 38, 209.89
57, 15, 1, 172.1, 148, -12, 0, 7, 13877.9, 280, 209.89
57, 9, 1, 170.58, 44, -4, 0, 2, 908.435, 104, 209.89
57, 20, 1, 214.13, 90, -20, 0, 5, 766.923, 175, 209.89
57, 22, 1, 203.91, 139, -4, 0, 8, 7015.7, 269, 209.89
57, 0, 1, 192.95, 1, -14, 0, 2, 107.211, 3, 207.66
57, 14, 1, 167.12, 9, -4, 0, 5, 557.907, 21, 207.66
57, 26, 0, 197.46, 1, 179, 1, 4, 8930.3, 48, 207.66
57, 2, 1, 199.05, 270, 9, 0, 4, 8935, 634, 207.66
58, 3, 0, 114.52, 38, -8, 0, 2, 4577.18, 61, 41.39
58, 34, 0, 58.08, 16, 147, 1, 4, 3201.75, 0, 41.39
58, 1, 0, 57.72, 20, 5, 0, 7, 2222.17, 167, 41.39
58, 18, 0, 56.06, 25, 0, 0, 10, 2547.78, 40, 41.39
58, 15, 0, 76.47, 455, -12, 0, 7, 44941.7, 132, 41.39
58, 20, 0, 52.98, 7, -20, 0, 5, 766.923, 85, 41.39
58, 7, 0, 48.99, 5, 13, 0, 6, 703.242, 142, 41.39
58, 9, 0, 60.54, 84, -4, 0, 2, 10143.6, 60, 41.39
58, 17, 0, 80.96, 3, -12, 0, 9, 281.554, 116, 41.39
58, 8, 0, 41.23, 1, -14, 0, 7, 114.802, 29, 41.39
58, 41, 0, 41.06, 4, -182, 1, 5, 2268.08, 2370, 41.39
58, 25, 0, 42.38, 3, -118, 1, 4, 250.729, 73, 41.39
58, 5, 0, 56.91, 25, 6, 0, 9, 2724.15, 27, 41.39
58, 16, 0, 43.68, 5, 6, 0, 5, 605.249, 79, 41.39
58, 22, 0, 84.84, 110, -4, 0, 8, 11204.6, 150, 41.39
58, 10, 0, 69.63, 18, -27, 0, 2, 2123.39, 301, 41.39
58, 33, 0, 121.46, 1, 195, 1, 8, 571.109, 9, 41.39
58, 40, 0, 75.78, 1, -103, 1, 3, 91.71, 43, 41.39
58, 29, 0, 47.05, 33, 194, 1, 3, 6689.36, 203, 41.39
58, 23, 0, 59.5, 6, -18, 0, 9, 595.11, 193, 41.39
58, 37, 0, 107.02, 99, 111, 1, 4, 17135.8, 39, 41.39
58, 38, 0, 64.48, 16, 189, 1, 5, 4200.62, 204, 41.39
58, 24, 0, 65.2, 2, -3, 0, 8, 276.659, 85, 41.39
58, 12, 0, 74.85, 1, 6, 0, 4, 228.039, 0, 41.39
58, 42, 0, 45.21, 89, 122, 1, 7, 20165.3, 1200, 41.39
58, 14, 0, 68.98, 5, -4, 0, 5, 557.907, 12, 41.39
58, 6, 0, 42.67, 155, 4, 0, 6, 17320.9, 217, 41.39
58, 2, 0, 39.32, 75, 9, 0, 4, 8935, 364, 41.39
58, 11, 0, 49.52, 2, 8, 0, 4, 330.249, 9, 41.39
58, 46, 1, 34.33, 46, -183, 1, 7, 16177.9, 191, 41.39
58, 36, 0, 105.21, 2, 162, 1, 2, 608.564, 18, 107.02
58, 31, 1, 104.98, 83, -127, 1, 4, 648.952, 233, 107.02
58, 4, 1, 104.33, 49, -4, 0, 8, 6655.84, 908, 107.02
58, 0, 0, 106.57, 1, -14, 0, 2, 1581.23, 2, 105.21
58, 26, 0, 107.61, 41, 179, 1, 4, 8889.91, 49, 105.21
59, 2, 0, 60.62, 50, 9, 0, 4, 5986, 364, 63.08
59, 19, 0, 62, 3, 21, 0, 10, 474.557, 61, 63.08
59, 49, 1, 61.14, 7, -115, 1, 9, 99.9857, 20, 63.08
59, 44, 1, 79.96, 3, -139, 1, 6, 99.3443, 9, 84.84
59, 33, 0, 111.15, 1, 195, 1, 8, 536.779, 10, 84.84
59, 0, 0, 100.01, 5, -14, 0, 2, 1539.91, 3, 84.84
59, 5, 0, 95.94, 3, 6, 0, 9, 1301.4, 27, 84.84
59, 34, 0, 171.01, 11, 147, 1, 4, 2272.47, 0, 84.84
59, 16, 0, 92.98, 1, 6, 0, 5, 386.849, 79, 84.84
59, 31, 1, 86.21, 28, -127, 1, 4, 9531.61, 150, 84.84
59, 48, 1, 82.02, 21, -135, 1, 6, 59.0044, 47, 92.98
59, 13, 0, 90.22, 3, 2, 0, 8, 1289.02, 367, 84.84
59, 36, 0, 104.2, 2, 162, 1, 2, 399.904, 20, 84.84
59, 29, 0, 82.2, 25, 194, 1, 3, 5136.71, 203, 84.84
59, 7, 0, 82.91, 1, 13, 0, 6, 458.292, 142, 84.84
59, 4, 0, 90.69, 16, -4, 0, 8, 7829.44, 870, 84.84
59, 37, 0, 132.69, 42, 111, 1, 4, 7243.15, 138, 84.84
59, 42, 0, 119.5, 71, 122, 1, 7, 16141.6, 1200, 84.84
59, 41, 1, 85.3, 1128, -182, 1, 5, 2103.84, 2370, 84.84
59, 32, 1, 91.51, 2, -197, 1, 2, 83.0114, 22, 90.22
59, 47, 1, 92.73, 11, -112, 1, 4, 122.435, 60, 90.22
59, 38, 0, 86.92, 47, 189, 1, 5, 12036, 204, 90.22
59, 23, 1, 94.61, 4, -18, 0, 9, 238.11, 193, 90.22
59, 39, 1, 71.38, 201, -170, 1, 5, 178.057, 425, 90.22
59, 15, 0, 88.94, 35, -12, 0, 7, 10784.1, 257, 76.47
59, 18, 0, 82.07, 3, 0, 0, 10, 1146.28, 40, 76.47
59, 10, 0, 111.64, 3, -27, 0, 2, 870.047, 301, 76.47
59, 1, 0, 88.45, 5, 5, 0, 7, 1067.77, 167, 76.47
59, 6, 0, 72.82, 67, 4, 0, 6, 10707.1, 217, 76.47
59, 9, 0, 88.48, 32, -4, 0, 2, 5058.24, 60, 76.47
59, 22, 0, 73.65, 26, -4, 0, 8, 6038.42, 260, 76.47
59, 25, 1, 76.4, 4, -118, 1, 4, 123.589, 73, 76.47
59, 3, 0, 105.9, 10, -8, 0, 2, 3272.64, 99, 88.94
59, 46, 1, 59.73, 119, -183, 1, 7, 21400.2, 184, 88.94
59, 26, 0, 132.32, 33, 179, 1, 4, 7195.79, 90, 76.47
60, 48, 1, 64.18, 26, -135, 1, 6, 822.564, 35, 113.46
60, 39, 1, 57.76, 200, -170, 1, 5, 16202.8, 300, 76.47
60, 2, 1, 77.12, 79, 9, 0, 4, 2955, 364, 76.47
60, 19, 1, 66.14, 13, 21, 0, 10, 288.557, 61, 76.47
60, 33, 0, 123.26, 2, 195, 1, 8, 450.569, 11, 76.47
60, 42, 0, 81.93, 49, 122, 1, 7, 10085.3, 1271, 77.12
60, 41, 1, 32.17, 949, -182, 1, 5, 18091.4, 1376, 77.12
60, 23, 0, 39.09, 4, -18, 0, 9, 855.93, 195, 38.32
60, 44, 1, 37.18, 1, -139, 1, 6, 353.864, 6, 38.32
60, 22, 0, 40.27, 41, -4, 0, 8, 5202, 286, 39.09
60, 34, 0, 91.24, 18, 147, 1, 4, 1738.72, 27, 39.09
60, 26, 0, 73.82, 23, 179, 1, 4, 4587.42, 123, 77.12
60, 38, 0, 108.7, 51, 189, 1, 5, 9198.12, 267, 77.12
60, 49, 1, 70.57, 9, -115, 1, 9, 693.866, 13, 77.12
60, 10, 1, 67.51, 70, -27, 0, 2, 1315.13, 322, 73.82
60, 31, 1, 74.65, 74, -127, 1, 4, 12404.7, 143, 73.82
60, 8, 1, 70.75, 9, -14, 0, 7, 82.6319, 30, 73.82
60, 20, 1, 75.86, 27, -20, 0, 5, 541.733, 92, 73.82
60, 37, 0, 85.13, 6, 111, 1, 4, 3660.55, 180, 73.82
60, 29, 0, 67.22, 22, 194, 1, 3, 3843.25, 261, 70.75
60, 7, 1, 70.35, 24, 13, 0, 6, 471.012, 148, 70.75
60, 24, 1, 64.5, 23, -3, 0, 8, 212.319, 87, 70.75
60, 14, 1, 61.68, 2, -4, 0, 5, 397.057, 17, 67.22
60, 9, 1, 67.53, 18, -4, 0, 2, 5529.96, 176, 67.22
60, 18, 1, 64.08, 25, 0, 0, 10, 1839.86, 109, 67.22
60, 11, 1, 68.48, 1, 8, 0, 4, 265.909, 11, 67.22
60, 43, 1, 61.38, 1, -176, 1, 4, 33.6106, 3, 67.22
60, 32, 1, 66.83, 8, -197, 1, 2, 306.831, 20, 67.22
60, 6, 1, 69.21, 70, 4, 0, 6, 10179.2, 439, 67.22
60, 15, 1, 70.16, 155, -12, 0, 7, 16451.5, 622, 67.22
60, 5, 1, 58.79, 10, 6, 0, 9, 1661.27, 55, 67.22
60, 4, 1, 55.93, 204, -4, 0, 8, 6464.64, 886, 67.22
60, 47, 1, 50.53, 21, -112, 1, 4, 1360.15, 49, 67.22
60, 28, 0, 69.17, 1, 107, 1, 8, 180.62, 0, 67.22
60, 13, 0, 53.63, 1, 2, 0, 8, 1033.12, 370, 50.53
60, 1, 0, 48.44, 3, 5, 0, 7, 1812.8, 269, 50.53
60, 36, 0, 73.33, 1, 162, 1, 2, 229.304, 22, 50.53
60, 46, 1, 21.84, 95, -183, 1, 7, 31679.5, 149, 50.53
60, 16, 0, 54.41, 8, 6, 0, 5, 617.749, 105, 33.49
60, 40, 1, 52.46, 6, -103, 1, 3, 59.54, 44, 50.53
60, 3, 0, 49.54, 9, -8, 0, 2, 2675.34, 109, 50.53
60, 25, 1, 52.51, 20, -118, 1, 4, 578.079, 75, 50.53
61, 44, 1, 44.45, 2, -139, 1, 6, 392.954, 5, 50.53
61, 38, 0, 65.01, 40, 189, 1, 5, 5057.22, 277, 49.54
61, 3, 0, 58.86, 2, -8, 0, 2, 2250.42, 111, 55.93
61, 27, 0, 77.44, 1, 139, 1, 5, 189.136, 4, 55.93
61, 2, 0, 54.65, 13, 9, 0, 4, 11006.2, 410, 55.93
61, 48, 1, 33.14, 12, -135, 1, 6, 3704.38, 25, 55.93
61, 32, 1, 55.7, 3, -197, 1, 2, 306.831, 12, 54.65
61, 42, 0, 73.5, 68, 122, 1, 7, 7467.03, 1409, 54.65
61, 24, 1, 54.03, 5, -3, 0, 8, 1691.16, 86, 55.93
61, 15, 1, 57.09, 36, -12, 0, 7, 16451.5, 467, 54.65
61, 26, 0, 68.81, 28, 179, 1, 4, 3007.15, 146, 54.65
61, 5, 1, 56.43, 1, 6, 0, 9, 1661.27, 45, 55.93
61, 23, 1, 55.49, 39, -18, 0, 9, 1377.79, 219, 55.93
61, 19, 0, 53.14, 1, 21, 0, 10, 1372.16, 51, 55.93
61, 47, 1, 53.55, 10, -112, 1, 4, 2461.36, 31, 55.93
61, 25, 1, 47.17, 18, -118, 1, 4, 1628.28, 55, 55.93
61, 17, 1, 51.2, 3, -12, 0, 9, 67.4142, 119, 49.54
61, 9, 0, 57.74, 20, -4, 0, 2, 5529.96, 158, 49.54
61, 40, 1, 52.93, 8, -103, 1, 3, 456.75, 38, 55.49
61, 31, 1, 44.22, 25, -127, 1, 4, 12404.7, 69, 55.49
61, 0, 0, 54.66, 1, -14, 0, 2, 1108.86, 8, 55.49
61, 34, 0, 81.08, 3, 147, 1, 4, 350.557, 45, 44.22
61, 8, 0, 42.29, 1, -14, 0, 7, 560.332, 21, 44.22
61, 13, 0, 42.04, 6, 2, 0, 8, 1193.41, 371, 44.22
61, 37, 0, 48.58, 37, 111, 1, 4, 3238.23, 186, 44.22
61, 20, 0, 49.48, 2, -20, 0, 5, 859.483, 65, 44.22
61, 22, 0, 46.52, 15, -4, 0, 8, 4306.56, 327, 44.22
61, 49, 1, 33.46, 1, -115, 1, 9, 1930.61, 4, 44.22
61, 7, 0, 48.32, 1, 13, 0, 6, 471.012, 124, 49.48
61, 39, 1, 49.31, 49, -170, 1, 5, 31519.5, 102, 49.48
61, 36, 0, 80.76, 1, 162, 1, 2, 178.774, 23, 49.48
61, 10, 0, 50.39, 4, -27, 0, 2, 2533.41, 266, 52.93
61, 6, 0, 52.67, 12, 4, 0, 6, 10282.5, 369, 52.93
61, 41, 1, 54.36, 760, -182, 1, 5, 68726.3, 1388, 52.93
61, 29, 0, 74.01, 24, 194, 1, 3, 2424.25, 283, 52.93
61, 33, 0, 53.48, 1, 195, 1, 8, 312.589, 14, 54.36
61, 18, 1, 56.85, 4, 0, 0, 10, 1839.86, 84, 54.36
61, 28, 0, 51.91, 1, 107, 1, 8, 130.09, 1, 54.36
61, 4, 1, 54, 33, -4, 0, 8, 12485.1, 682, 54.36
61, 46, 1, 51.9, 96, -183, 1, 7, 35847.3, 146, 54.36
62, 37, 0, 54.34, 29, 111, 1, 4, 2552.51, 207, 51.91
62, 23, 1, 55.63, 26, -18, 0, 9, 1766.22, 180, 54
62, 26, 0, 100.56, 13, 179, 1, 4, 1441.11, 174, 54
62, 46, 1, 43.15, 42, -183, 1, 7, 36584.7, 64, 54.36
62, 41, 1, 48.64, 305, -182, 1, 5, 70139.6, 628, 46.52
62, 19, 0, 53.36, 7, 21, 0, 10, 1324.99, 52, 46.52
62, 17, 1, 50.26, 1, -12, 0, 9, 221.014, 116, 48.64
62, 39, 1, 46.01, 25, -170, 1, 5, 31568.9, 54, 48.64
62, 29, 0, 54.59, 16, 194, 1, 3, 1647.69, 307, 48.64
62, 14, 0, 43.71, 2, -4, 0, 5, 488.897, 22, 46.01
62, 31, 1, 45.73, 10, -127, 1, 4, 13510.2, 44, 46.01
62, 33, 0, 44.18, 1, 195, 1, 8, 260.689, 15, 46.01
62, 3, 0, 44.12, 14, -8, 0, 2, 2168.17, 120, 46.01
62, 0, 0, 52.77, 5, -14, 0, 2, 1064.64, 9, 46.01
62, 24, 0, 43.48, 5, -3, 0, 8, 1745.81, 82, 45.73
62, 48, 1, 46.37, 5, -135, 1, 6, 4360.18, 13, 45.73
62, 10, 0, 53.7, 12, -27, 0, 2, 2549.57, 270, 45.73
62, 5, 0, 53.29, 5, 6, 0, 9, 1808.9, 44, 46.01
62, 13, 0, 45.32, 3, 2, 0, 8, 941.169, 371, 46.37
62, 38, 0, 47.76, 42, 189, 1, 5, 5303.6, 317, 46.37
62, 25, 1, 45.22, 9, -118, 1, 4, 2502.19, 45, 46.37
62, 6, 0, 50.35, 46, 4, 0, 6, 9659.73, 381, 45.32
62, 40, 1, 48.14, 3, -103, 1, 3, 880.19, 30, 48.64
62, 18, 0, 50.44, 1, 0, 0, 10, 1839.86, 80, 48.64
62, 7, 0, 45.77, 2, 13, 0, 6, 427.862, 125, 48.14
62, 44, 1, 36.19, 1, -139, 1, 6, 1019.03, 3, 48.14
62, 42, 0, 102.07, 35, 122, 1, 7, 3884.98, 1477, 45.77
62, 4, 0, 47.93, 22, -4, 0, 8, 16910.4, 649, 48.64
62, 11, 0, 50.37, 1, 8, 0, 4, 275.309, 10, 48.64
62, 2, 0, 49.82, 64, 9, 0, 4, 14112.7, 423, 48.64
62, 34, 0, 46.64, 2, 147, 1, 4, 217.897, 48, 48.64
62, 27, 0, 76.23, 1, 139, 1, 5, 133.206, 5, 48.64
62, 32, 1, 50.28, 1, -197, 1, 2, 617.641, 9, 48.64
62, 9, 0, 47.69, 27, -4, 0, 2, 5542.29, 178, 48.64
62, 49, 1, 39.58, 1, -115, 1, 9, 2505.51, 3, 48.64
62, 1, 0, 49.09, 7, 5, 0, 7, 2381.78, 272, 47.93
62, 22, 0, 46.21, 4, -4, 0, 8, 3659.31, 342, 48.64
62, 47, 1, 49.86, 4, -112, 1, 4, 2996.86, 21, 48.64
62, 15, 0, 47.12, 12, -12, 0, 7, 16451.5, 431, 48.64
63, 23, 1, 50.26, 8, -18, 0, 9, 1766.22, 154, 48.64
63, 24, 0, 49.49, 2, -3, 0, 8, 1528.41, 82, 48.64
63, 6, 0, 49.64, 23, 4, 0, 6, 7422.29, 427, 48.64
63, 17, 1, 50.56, 1, -12, 0, 9, 221.014, 115, 48.64
63, 25, 1, 49.25, 9, -118, 1, 4, 3308.95, 39, 48.64
63, 22, 0, 48.37, 4, -4, 0, 8, 3474.47, 342, 48.64
63, 10, 0, 46.23, 9, -27, 0, 2, 2267.35, 282, 48.64
63, 42, 0, 55.53, 22, 122, 1, 7, 2387.72, 1512, 48.64
63, 49, 1, 48.55, 1, -115, 1, 9, 2553.44, 2, 48.64
63, 1, 0, 54.62, 5, 5, 0, 7, 2041.3, 279, 48.64
63, 40, 1, 48.99, 2, -103, 1, 3, 1292.54, 27, 48.64
63, 14, 0, 51.34, 1, -4, 0, 5, 449.177, 22, 48.64
63, 32, 1, 44.33, 1, -197, 1, 2, 617.641, 8, 48.64
63, 38, 0, 62.37, 27, 189, 1, 5, 3395.98, 319, 48.37
63, 47, 1, 48.22, 3, -112, 1, 4, 3280.64, 17, 48.64
63, 41, 1, 38.71, 163, -182, 1, 5, 95724.4, 323, 48.37
63, 31, 1, 37.82, 5, -127, 1, 4, 18047.6, 34, 42.04
63, 34, 0, 41.87, 1, 147, 1, 4, 140.477, 50, 42.04
63, 39, 1, 31.34, 9, -170, 1, 5, 32719.2, 29, 37.82
63, 11, 0, 33.19, 3, 8, 0, 4, 226.669, 11, 33.49
63, 2, 0, 39.21, 184, 9, 0, 4, 10999.8, 487, 33.49
63, 19, 0, 38.43, 14, 21, 0, 10, 984.507, 59, 37.82
63, 48, 1, 38.51, 2, -135, 1, 6, 4910.51, 8, 37.82
63, 0, 0, 36.18, 12, -14, 0, 2, 835.991, 14, 37.82
63, 33, 0, 53.5, 1, 195, 1, 8, 221.979, 16, 37.82
63, 3, 0, 44.83, 19, -8, 0, 2, 1626.23, 134, 38.51
63, 26, 0, 37.06, 10, 179, 1, 4, 1138.11, 187, 38.51
63, 5, 0, 50.84, 13, 6, 0, 9, 1684.35, 49, 38.51
63, 15, 0, 46.26, 13, -12, 0, 7, 17386.5, 443, 48.64
63, 37, 0, 63.95, 11, 111, 1, 4, 986.506, 236, 48.64
63, 13, 0, 47.39, 1, 2, 0, 8, 825.489, 380, 48.64
63, 18, 0, 46.89, 2, 0, 0, 10, 1791.72, 81, 48.64
63, 7, 0, 52.36, 1, 13, 0, 6, 352.962, 127, 48.64
63, 46, 1, 43.55, 26, -183, 1, 7, 37532.4, 42, 48.64
63, 29, 0, 48.02, 9, 194, 1, 3, 911.53, 323, 46.26
63, 4, 0, 44.14, 82, -4, 0, 8, 31013.1, 671, 46.26
63, 9, 0, 51.99, 26, -4, 0, 2, 4497.12, 205, 46.26
64, 9, 0, 58.25, 13, -4, 0, 2, 3232.48, 231, 48.64
64, 25, 1, 44.01, 7, -118, 1, 4, 3729.85, 30, 48.64
64, 29, 0, 52.35, 5, 194, 1, 3, 507.42, 330, 48.02
64, 26, 0, 87.66, 7, 179, 1, 4, 767.511, 187, 48.99
64, 32, 1, 43.21, 1, -197, 1, 2, 666.011, 7, 49.25
64, 33, 0, 104.66, 1, 195, 1, 8, 183.469, 17, 48.02
64, 37, 0, 46.79, 5, 111, 1, 4, 451.466, 247, 49.25
64, 5, 0, 49.16, 2, 6, 0, 9, 1052.03, 62, 49.25
64, 22, 0, 46.85, 3, -4, 0, 8, 3315.48, 350, 49.25
64, 48, 1, 39.7, 2, -135, 1, 6, 4987.53, 6, 49.25
64, 31, 1, 45.94, 8, -127, 1, 4, 18236.7, 29, 49.16
64, 40, 1, 45.45, 1, -103, 1, 3, 1390.52, 25, 46.79
64, 2, 0, 52.02, 20, 9, 0, 4, 3947.53, 491, 46.79
64, 47, 1, 49.82, 3, -112, 1, 4, 3625.19, 14, 50.56
64, 4, 0, 48.54, 18, -4, 0, 8, 40309.8, 671, 50.56
64, 0, 0, 55.41, 1, -14, 0, 2, 401.831, 14, 50.56
64, 7, 0, 49.22, 1, 13, 0, 6, 304.322, 128, 49.82
64, 3, 0, 56.22, 2, -8, 0, 2, 825.606, 135, 49.82
64, 13, 0, 52.1, 1, 2, 0, 8, 781.939, 381, 49.82
64, 38, 0, 76.26, 24, 189, 1, 5, 2976.78, 346, 49.82
64, 23, 1, 54.55, 22, -18, 0, 9, 2168.3, 146, 54.36
64, 46, 1, 47.5, 21, -183, 1, 7, 38411.9, 32, 54.36
64, 10, 0, 54.68, 6, -27, 0, 2, 1918.96, 291, 48.54
64, 6, 0, 55.26, 4, 4, 0, 6, 6303.57, 450, 54.36
64, 39, 1, 43.48, 10, -170, 1, 5, 33020.6, 20, 54.36
64, 15, 0, 42.45, 56, -12, 0, 7, 16820.4, 456, 44.14
64, 36, 0, 52.41, 1, 162, 1, 2, 125.844, 24, 44.14
64, 42, 0, 81.97, 12, 122, 1, 7, 1317.64, 1534, 44.14
64, 24, 1, 55.84, 3, -3, 0, 8, 1454.98, 89, 54.36
64, 18, 1, 56.77, 4, 0, 0, 10, 1704.62, 83, 54.36
64, 41, 1, 36.65, 153, -182, 1, 5, 106364, 274, 54.36
64, 19, 0, 35.24, 7, 21, 0, 10, 471.407, 73, 37.06
65, 10, 0, 37.6, 23, -27, 0, 2, 1592.8, 297, 37.06
65, 20, 0, 35.49, 8, -20, 0, 5, 776.713, 67, 37.06
65, 3, 0, 36.19, 12, -8, 0, 2, 753.696, 137, 37.06
65, 4, 0, 39.41, 401, -4, 0, 8, 40000.7, 771, 37.06
65, 19, 0, 44.89, 3, 21, 0, 10, 224.727, 73, 37.06
65, 34, 0, 37.89, 1, 147, 1, 4, 102.657, 51, 37.06
65, 7, 0, 35.37, 4, 13, 0, 6, 256.822, 129, 37.06
65, 1, 0, 42.9, 21, 5, 0, 7, 1852.81, 284, 37.06
65, 18, 0, 37.48, 17, 0, 0, 10, 1704.62, 79, 37.06
65, 12, 0, 52.36, 1, 6, 0, 4, 195.869, 1, 37.06
65, 0, 0, 52.31, 3, -14, 0, 2, 352.011, 15, 37.06
65, 46, 1, 23.28, 15, -183, 1, 7, 39524.5, 31, 37.06
65, 17, 0, 41.69, 2, -12, 0, 9, 925.294, 114, 42.9
65, 16, 0, 42.05, 1, 6, 0, 5, 213.509, 113, 42.9
65, 41, 1, 43.19, 116, -182, 1, 5, 112880, 264, 42.9
65, 26, 0, 68.5, 4, 179, 1, 4, 426.861, 204, 42.9
65, 22, 0, 41.67, 18, -4, 0, 8, 4012.28, 353, 43.19
65, 6, 0, 49.29, 37, 4, 0, 6, 6086.13, 454, 43.19
65, 23, 0, 42.54, 3, -18, 0, 9, 2168.3, 124, 43.19
65, 36, 0, 76.08, 3, 162, 1, 2, 308.234, 25, 43.19
65, 31, 1, 43.9, 4, -127, 1, 4, 18612.4, 25, 43.19
65, 42, 0, 94.69, 6, 122, 1, 7, 665.318, 1546, 43.19
65, 25, 1, 41.74, 3, -118, 1, 4, 4509.24, 23, 43.19
65, 24, 0, 44.6, 6, -3, 0, 8, 1454.98, 86, 42.9
65, 5, 0, 52.08, 4, 6, 0, 9, 972.635, 64, 43.19
65, 13, 0, 48.38, 11, 2, 0, 8, 2408.27, 382, 43.19
65, 9, 0, 55.61, 18, -4, 0, 2, 2600.16, 244, 43.19
65, 29, 0, 69.45, 4, 194, 1, 3, 427.46, 337, 43.19
65, 2, 0, 55.46, 25, 9, 0, 4, 3769.9, 507, 43.19
65, 39, 1, 37.66, 4, -170, 1, 5, 33462, 10, 43.9
65, 15, 0, 40.78, 63, -12, 0, 7, 14768, 512, 42.9
65, 38, 0, 92.37, 13, 189, 1, 5, 1672.14, 370, 42.9
65, 37, 0, 59.95, 1, 111, 1, 4, 222.256, 252, 54.36
65, 8, 1, 52.71, 1, -14, 0, 7, 521.622, 22, 54.36
65, 48, 1, 56.67, 2, -135, 1, 6, 5168.71, 4, 54.36
65, 47, 1, 52.64, 3, -112, 1, 4, 3994.25, 11, 54.36
66, 42, 0, 57.95, 3, 122, 1, 7, 406.178, 1552, 54.36
66, 10, 0, 51.55, 1, -27, 0, 2, 727.997, 297, 52.64
66, 22, 1, 53.88, 6, -4, 0, 8, 3262.22, 353, 52.64
66, 9, 0, 55.18, 5, -4, 0, 2, 2189.6, 262, 52.64
66, 25, 1, 50.77, 6, -118, 1, 4, 4637.94, 20, 53.88
66, 17, 1, 53.07, 8, -12, 0, 9, 841.914, 114, 51.55
66, 41, 1, 43.19, 79, -182, 1, 5, 118543, 148, 51.55
66, 40, 1, 52.24, 3, -103, 1, 3, 1437.31, 24, 51.55
66, 31, 1, 49.16, 6, -127, 1, 4, 18788, 21, 51.55
66, 13, 0, 48.97, 1, 2, 0, 8, 1933.18, 393, 51.55
66, 46, 1, 30.34, 13, -183, 1, 7, 40324.9, 23, 43.19
66, 8, 0, 43.38, 2, -14, 0, 7, 662.832, 21, 41.67
66, 20, 0, 45.82, 1, -20, 0, 5, 492.793, 67, 43.19
66, 24, 0, 44.26, 5, -3, 0, 8, 1195.84, 92, 43.19
66, 18, 0, 41.43, 4, 0, 0, 10, 1067.46, 79, 43.19
66, 19, 0, 49.71, 1, 21, 0, 10, 154.887, 76, 43.19
66, 14, 0, 47.72, 5, -4, 0, 5, 1032.05, 25, 43.19
66, 36, 0, 71.94, 4, 162, 1, 2, 367.604, 28, 43.19
66, 37, 0, 41.65, 1, 111, 1, 4, 167.896, 253, 43.19
66, 23, 0, 41.11, 4, -18, 0, 9, 2637.26, 127, 43.19
66, 3, 0, 59.11, 1, -8, 0, 2, 319.416, 137, 43.19
66, 2, 0, 49.5, 30, 9, 0, 4, 3964.31, 532, 43.19
66, 12, 0, 51.05, 1, 6, 0, 4, 172.589, 2, 43.19
66, 15, 0, 41.42, 49, -12, 0, 7, 12198.8, 512, 43.19
66, 16, 0, 43.55, 1, 6, 0, 5, 183.169, 114, 43.19
66, 5, 0, 41.03, 4, 6, 0, 9, 799.875, 68, 43.19
66, 0, 0, 46.15, 2, -14, 0, 2, 282.171, 18, 43.19
66, 29, 0, 43.71, 2, 194, 1, 3, 254.7, 341, 43.19
66, 6, 0, 51.3, 26, 4, 0, 6, 4488.1, 491, 43.19
66, 47, 1, 46.58, 1, -112, 1, 4, 4152.17, 8, 49.16
66, 26, 0, 57.1, 2, 179, 1, 4, 254.101, 208, 49.16
66, 39, 1, 45.12, 2, -170, 1, 5, 33633.6, 6, 49.16
66, 38, 0, 60.62, 9, 189, 1, 5, 1171.12, 383, 49.16
67, 39, 1, 44.77, 2, -170, 1, 5, 33723.8, 4, 53.07
67, 17, 1, 54.12, 10, -12, 0, 9, 970.754, 108, 53.07
67, 6, 0, 51.34, 5, 4, 0, 6, 4527.15, 517, 53.07
67, 18, 0, 43.86, 2, 0, 0, 10, 901.739, 79, 44.77
67, 10, 0, 54.33, 3, -27, 0, 2, 677.227, 298, 44.77
67, 32, 1, 52.4, 1, -197, 1, 2, 764.311, 6, 53.07
67, 31, 1, 49.39, 5, -127, 1, 4, 19083, 15, 53.07
67, 37, 0, 58.93, 1, 111, 1, 4, 126.246, 253, 53.07
67, 36, 0, 73.49, 1, 162, 1, 2, 194.844, 32, 49.39
67, 1, 0, 47.39, 3, 5, 0, 7, 1208.67, 305, 49.39
67, 2, 0, 47.1, 11, 9, 0, 4, 2668.61, 562, 49.39
67, 23, 1, 48.13, 8, -18, 0, 9, 2472.82, 127, 49.39
67, 40, 1, 48.45, 2, -103, 1, 3, 1594.03, 21, 49.39
67, 4, 0, 49.15, 23, -4, 0, 8, 24197.3, 771, 49.39
67, 47, 1, 48.01, 1, -112, 1, 4, 4198.75, 7, 48.45
67, 15, 0, 48.16, 8, -12, 0, 7, 10169.2, 512, 48.45
67, 26, 0, 58.74, 2, 179, 1, 4, 215.461, 210, 48.01
67, 13, 0, 48.46, 3, 2, 0, 8, 1889.99, 394, 49.39
67, 38, 0, 115.73, 9, 189, 1, 5, 1144.04, 392, 49.39
67, 29, 0, 81.31, 1, 194, 1, 3, 168.32, 343, 54.12
67, 25, 1, 49.79, 4, -118, 1, 4, 4689.49, 15, 54.12
67, 46, 1, 39.53, 14, -183, 1, 7, 40877.1, 22, 54.12
67, 42, 0, 45.09, 2, 122, 1, 7, 248.258, 1555, 47.1
67, 9, 0, 58.65, 9, -4, 0, 2, 1976.55, 267, 47.1
67, 41, 1, 34.19, 38, -182, 1, 5, 122055, 69, 54.12
67, 8, 0, 42.8, 2, -14, 0, 7, 576.452, 23, 41.42
67, 24, 0, 46.63, 5, -3, 0, 8, 979.888, 97, 41.42
67, 22, 0, 39.35, 23, -4, 0, 8, 3723.99, 365, 41.42
68, 26, 0, 40.4, 1, 179, 1, 4, 116.681, 212, 41.42
68, 20, 0, 41.68, 2, -20, 0, 5, 449.603, 158, 41.42
68, 41, 1, 30.41, 25, -182, 1, 5, 123663, 60, 41.42
68, 23, 0, 45.27, 6, -18, 0, 9, 2857.86, 119, 41.42
68, 4, 0, 39.39, 148, -4, 0, 8, 23567.9, 781, 41.42
68, 2, 0, 45.92, 21, 9, 0, 4, 2249.8, 843, 41.42
68, 1, 0, 39.46, 9, 5, 0, 7, 1090.08, 308, 41.42
68, 31, 1, 40.53, 71, -127, 1, 4, 19329.9, 488, 41.42
68, 36, 0, 51.91, 1, 162, 1, 2, 145.454, 33, 40.78
68, 14, 0, 40.65, 7, -4, 0, 5, 816.097, 39, 40.78
68, 40, 0, 39.12, 2, -103, 1, 3, 1690.93, 19, 40.78
68, 22, 0, 44.09, 16, -4, 0, 8, 2818.94, 365, 40.78
68, 5, 0, 44.91, 4, 6, 0, 9, 637.755, 72, 40.78
68, 25, 1, 39.46, 1, -118, 1, 4, 4888.65, 11, 40.78
68, 29, 0, 54.62, 1, 194, 1, 3, 114.2, 355, 51.91
68, 48, 1, 37.07, 1, -135, 1, 6, 5196.07, 2, 54.12
68, 15, 0, 42.8, 28, -12, 0, 7, 10097.9, 574, 44.91
68, 24, 0, 50.58, 2, -3, 0, 8, 827.838, 102, 44.91
68, 18, 0, 50.68, 2, 0, 0, 10, 862.319, 85, 44.91
68, 9, 0, 57.62, 10, -4, 0, 2, 1741.39, 276, 44.91
68, 8, 1, 54.4, 2, -14, 0, 7, 515.632, 25, 54.36
68, 42, 0, 80.47, 1, 122, 1, 7, 179.878, 1557, 54.36
68, 38, 0, 102.12, 11, 189, 1, 5, 1477.15, 401, 54.36
68, 39, 1, 53.37, 1, -170, 1, 5, 33813.4, 2, 54.36
68, 46, 1, 42, 9, -183, 1, 7, 41541.4, 14, 54.36
68, 44, 1, 43.74, 12, -139, 1, 6, 1825.32, 31, 44.09
68, 3, 0, 43.02, 2, -8, 0, 2, 276.226, 138, 44.09
68, 17, 0, 42.06, 3, -12, 0, 9, 1830.37, 98, 44.09
68, 6, 0, 42.43, 28, 4, 0, 6, 4386.27, 519, 44.09
68, 10, 0, 43.95, 3, -27, 0, 2, 518.017, 301, 44.09
68, 13, 0, 42.97, 8, 2, 0, 8, 1771.4, 397, 44.09
69, 9, 0, 48.41, 9, -4, 0, 2, 1255.65, 286, 44.09
69, 5, 0, 43.93, 2, 6, 0, 9, 474.685, 76, 44.09
69, 1, 0, 42.11, 4, 5, 0, 7, 734.942, 308, 44.09
69, 13, 0, 41.97, 7, 2, 0, 8, 1427.64, 397, 44.09
69, 41, 1, 34.85, 20, -182, 1, 5, 125869, 44, 44.09
69, 38, 0, 59.16, 7, 189, 1, 5, 879.186, 412, 42.97
69, 25, 1, 52.84, 3, -118, 1, 4, 4940.56, 10, 54.36
69, 32, 1, 43.13, 1, -197, 1, 2, 816.711, 5, 54.36
69, 31, 1, 54.43, 166, -127, 1, 4, 22377.9, 476, 54.36
69, 46, 1, 35.13, 7, -183, 1, 7, 41966.8, 12, 54.36
69, 3, 0, 42.52, 1, -8, 0, 2, 206.526, 140, 42.8
69, 2, 0, 52.14, 10, 9, 0, 4, 1398.67, 864, 42.8
69, 4, 0, 42.52, 82, -4, 0, 8, 17738.2, 781, 43.13
69, 14, 0, 48.32, 2, -4, 0, 5, 531.547, 39, 43.13
69, 8, 0, 40.98, 1, -14, 0, 7, 515.632, 23, 43.13
69, 0, 0, 42.56, 1, -14, 0, 2, 195.791, 21, 43.13
69, 12, 0, 41.19, 1, 6, 0, 4, 129.399, 3, 43.13
69, 20, 0, 40.98, 1, -20, 0, 5, 388.783, 160, 43.13
69, 18, 0, 48.1, 3, 0, 0, 10, 778.319, 87, 43.13
69, 44, 1, 44.67, 7, -139, 1, 6, 2354.4, 19, 43.13
69, 23, 1, 49.27, 5, -18, 0, 9, 2617, 129, 48.1
69, 36, 0, 47.64, 1, 162, 1, 2, 105.994, 34, 48.1
69, 40, 1, 44.98, 1, -103, 1, 3, 1612.69, 19, 48.1
69, 15, 0, 45.27, 11, -12, 0, 7, 8907.13, 575, 47.64
69, 24, 0, 49.09, 1, -3, 0, 8, 743.838, 104, 47.64
69, 22, 0, 48.13, 3, -4, 0, 8, 2140.36, 381, 47.64
69, 6, 0, 47.7, 12, 4, 0, 6, 3198.23, 519, 47.64
69, 47, 1, 48.13, 1, -112, 1, 4, 4246.76, 6, 47.64
70, 2, 0, 58.57, 3, 9, 0, 4, 938.421, 865, 49.09
70, 15, 0, 46.83, 4, -12, 0, 7, 8409.16, 575, 49.27
70, 25, 1, 50.06, 1, -118, 1, 4, 4940.56, 7, 49.27
70, 14, 0, 48.16, 1, -4, 0, 5, 442.207, 41, 49.27
70, 6, 0, 47.84, 7, 4, 0, 6, 2625.83, 519, 49.27
70, 40, 1, 49.04, 2, -103, 1, 3, 1660.33, 18, 49.27
70, 1, 0, 48.99, 1, 5, 0, 7, 566.502, 308, 49.27
70, 46, 1, 50.85, 6, -183, 1, 7, 42267.5, 11, 49.27
70, 4, 0, 48.57, 14, -4, 0, 8, 14251.6, 781, 49.27
70, 38, 0, 67.79, 4, 189, 1, 5, 558.816, 419, 49.27
70, 13, 0, 46.84, 2, 2, 0, 8, 1197.13, 405, 49.27
70, 22, 0, 51.03, 1, -4, 0, 8, 1995.97, 381, 49.27
70, 31, 1, 37.89, 90, -127, 1, 4, 22377.9, 310, 50.06
70, 41, 1, 41.96, 18, -182, 1, 5, 127111, 42, 42.52
70, 23, 0, 41.03, 5, -18, 0, 9, 2863.35, 124, 42.52
70, 42, 0, 46.11, 1, 122, 1, 7, 125.518, 1558, 42.52
70, 17, 0, 40.8, 5, -12, 0, 9, 1704.19, 98, 42.52
70, 44, 1, 36.25, 6, -139, 1, 6, 2595.34, 17, 42.52
70, 21, 0, 43.43, 1, -6, 0, 2, 168.185, 9, 42.52
70, 9, 0, 41.05, 9, -4, 0, 2, 941.996, 295, 42.52
70, 10, 0, 51.32, 2, -27, 0, 2, 413.467, 304, 42.52
71, 46, 1, 49.83, 3, -183, 1, 7, 42369.2, 5, 50.85
71, 31, 1, 42.74, 115, -127, 1, 4, 26481.4, 378, 50.85
71, 4, 0, 46.91, 55, -4, 0, 8, 13790.3, 928, 43.43
71, 5, 0, 45.41, 2, 6, 0, 9, 404.985, 88, 43.43
71, 32, 1, 44.77, 1, -197, 1, 2, 859.841, 12, 43.43
71, 41, 1, 43.35, 11, -182, 1, 5, 127876, 24, 46.91
71, 22, 0, 48.61, 4, -4, 0, 8, 1976.63, 385, 46.91
71, 44, 1, 40.79, 5, -139, 1, 6, 2854.05, 12, 46.91
71, 6, 0, 44.96, 11, 4, 0, 6, 2478.32, 608, 46.91
71, 23, 1, 49.25, 2, -18, 0, 9, 2658.2, 124, 46.91
71, 10, 0, 47.78, 1, -27, 0, 2, 311.767, 306, 46.91
71, 13, 0, 49.27, 3, 2, 0, 8, 1121.35, 407, 46.91
71, 1, 0, 49.14, 1, 5, 0, 7, 528.612, 309, 49.25
71, 38, 0, 48.06, 4, 189, 1, 5, 497.776, 423, 49.25
71, 43, 1, 46.52, 1, -176, 1, 4, 91.1806, 3, 49.25
71, 9, 0, 50.97, 2, -4, 0, 2, 572.546, 313, 49.14
71, 2, 0, 53.82, 2, 9, 0, 4, 790.611, 868, 49.83
71, 40, 1, 51.49, 2, -103, 1, 3, 1758.41, 16, 50.85
72, 41, 1, 43.24, 350, -182, 1, 5, 128392, 662, 50.85
72, 10, 0, 54.11, 1, -27, 0, 2, 268.527, 307, 44.96
72, 32, 1, 43.7, 2, -197, 1, 2, 906.751, 11, 50.85
72, 25, 1, 52.02, 1, -118, 1, 4, 4990.62, 6, 50.85
72, 47, 1, 44.64, 1, -112, 1, 4, 4295.85, 5, 50.85
72, 4, 0, 48.36, 3, -4, 0, 8, 11411.8, 983, 50.85
72, 17, 0, 43.32, 2, -12, 0, 9, 1500.19, 98, 44.64
72, 23, 0, 42.58, 1, -18, 0, 9, 2756.7, 154, 44.64
72, 46, 1, 25.02, 1, -183, 1, 7, 42620.4, 2, 44.64
72, 44, 1, 43.96, 4, -139, 1, 6, 3095.4, 11, 43.32
72, 16, 0, 41.69, 1, 6, 0, 5, 139.979, 115, 43.32
72, 31, 1, 41.28, 48, -127, 1, 4, 26524.9, 264, 43.32
72, 3, 0, 43.49, 1, -8, 0, 2, 168.636, 141, 42.52
72, 13, 0, 50.92, 5, 2, 0, 8, 1072.12, 409, 42.52
72, 38, 0, 51.06, 2, 189, 1, 5, 324.816, 427, 50.85
72, 9, 0, 52.48, 1, -4, 0, 2, 472.886, 315, 50.85
72, 6, 0, 55.65, 3, 4, 0, 6, 2002.68, 619, 51.49
72, 2, 0, 50.32, 1, 9, 0, 4, 743.751, 870, 52.84
72, 18, 1, 53.74, 3, 0, 0, 10, 644.309, 119, 52.84
73, 9, 0, 51.77, 1, -4, 0, 2, 421.396, 316, 52.84
73, 38, 0, 68.27, 2, 189, 1, 5, 273.966, 428, 52.84
73, 40, 1, 50.28, 2, -103, 1, 3, 1861.39, 14, 52.84
73, 23, 1, 49.73, 15, -18, 0, 9, 2715.42, 181, 50.32
73, 17, 1, 51.54, 4, -12, 0, 9, 1433.89, 100, 50.32
73, 22, 0, 47.8, 1, -4, 0, 8, 1813.47, 389, 50.32
73, 6, 0, 50.55, 4, 4, 0, 6, 1957.63, 622, 50.32
73, 25, 1, 48.64, 1, -118, 1, 4, 5201.16, 5, 49.73
73, 41, 1, 30.26, 193, -182, 1, 5, 131188, 372, 49.73
73, 24, 0, 45.51, 4, -3, 0, 8, 695.708, 105, 39.41
73, 44, 1, 39.32, 2, -139, 1, 6, 3271.24, 7, 39.41
73, 1, 0, 45.95, 2, 5, 0, 7, 612.292, 323, 45.51
73, 14, 0, 43.33, 2, -4, 0, 5, 477.047, 51, 45.51
73, 31, 1, 41.83, 48, -127, 1, 4, 28566.7, 218, 45.51
73, 18, 0, 45.75, 2, 0, 0, 10, 644.309, 116, 43.33
73, 0, 0, 43.67, 1, -14, 0, 2, 157.901, 22, 43.33
73, 13, 0, 50.88, 5, 2, 0, 8, 1131.08, 421, 43.33
73, 32, 1, 49.68, 1, -197, 1, 2, 994.151, 9, 49.73
73, 2, 0, 48.01, 2, 9, 0, 4, 693.471, 871, 49.73
73, 4, 0, 50.22, 9, -4, 0, 8, 11986, 1090, 49.73
74, 9, 0, 50.47, 1, -4, 0, 2, 468.226, 326, 49.73
74, 40, 1, 51.12, 1, -103, 1, 3, 1963.48, 13, 49.73
74, 31, 1, 49.78, 50, -127, 1, 4, 28836.3, 176, 49.73
74, 41, 1, 35.49, 168, -182, 1, 5, 139067, 321, 50.47
74, 15, 0, 44.01, 57, -12, 0, 7, 9007.87, 859, 39.41
74, 22, 0, 49.41, 11, -4, 0, 8, 1783.21, 390, 39.41
74, 11, 0, 41.99, 2, 8, 0, 4, 226.669, 12, 39.41
74, 6, 0, 44.42, 20, 4, 0, 6, 2099.47, 654, 39.41
74, 21, 0, 57.38, 1, -6, 0, 2, 125.445, 10, 39.41
74, 2, 0, 50.89, 2, 9, 0, 4, 622.491, 873, 51.12
74, 4, 0, 50.05, 2, -4, 0, 8, 12578.7, 1261, 51.12
74, 23, 1, 51.86, 17, -18, 0, 9, 3515.22, 171, 51.12
74, 17, 1, 53.04, 6, -12, 0, 9, 1521.99, 104, 51.12
74, 44, 1, 41.38, 2, -139, 1, 6, 3362.26, 5, 51.12
74, 38, 0, 66.21, 1, 189, 1, 5, 168.286, 430, 50.89
74, 25, 1, 51.09, 1, -118, 1, 4, 5249.8, 4, 51.54
74, 32, 1, 49.55, 1, -197, 1, 2, 1043.83, 8, 51.54
74, 1, 0, 47.62, 1, 5, 0, 7, 528.632, 325, 50.05
74, 0, 0, 48.51, 1, -14, 0, 2, 556.571, 23, 50.05
75, 19, 0, 98.35, 3, 21, 0, 10, 358.377, 77, 50.05
75, 0, 0, 88.94, 4, -14, 0, 2, 508.061, 23, 51.54
75, 11, 0, 73.18, 1, 8, 0, 4, 142.689, 12, 51.86
75, 15, 0, 95.19, 61, -12, 0, 7, 6499.3, 859, 51.86
75, 31, 0, 62.6, 128, -127, 1, 4, 28886.7, 127, 53.74
75, 2, 0, 78.88, 4, 9, 0, 4, 539.731, 875, 53.74
75, 14, 0, 55.96, 3, -4, 0, 5, 393.387, 53, 53.74
75, 18, 0, 92.17, 5, 0, 0, 10, 734.549, 122, 53.74
75, 13, 0, 53.5, 8, 2, 0, 8, 934.399, 426, 53.74
75, 1, 0, 76.17, 4, 5, 0, 7, 481.012, 325, 53.74
75, 25, 0, 51.41, 33, -118, 1, 4, 5300.89, 3, 53.74
75, 4, 0, 54.69, 123, -4, 0, 8, 12479.1, 1262, 53.74
75, 22, 0, 53.64, 12, -4, 0, 8, 1239.7, 390, 53.74
75, 23, 0, 57.76, 48, -18, 0, 9, 4396.84, 176, 53.74
75, 9, 0, 64.58, 3, -4, 0, 2, 418.446, 327, 53.74
75, 3, 0, 72.18, 1, -8, 0, 2, 138.376, 142, 53.74
75, 20, 0, 51.09, 3, -20, 0, 5, 358.523, 188, 53.74
75, 41, 1, 55.09, 27, -182, 1, 5, 145722, 158, 53.74
75, 6, 0, 96.2, 2, 4, 0, 6, 1211.07, 654, 95.19
75, 40, 1, 95.26, 1, -103, 1, 3, 2014.6, 12, 95.19
75, 32, 1, 99.45, 1, -197, 1, 2, 1093.88, 7, 96.2
75, 17, 1, 97.54, 3, -12, 0, 9, 2046.39, 98, 96.2
76, 3, 0, 60.75, 4, -8, 0, 2, 518.226, 143, 57.21
76, 2, 0, 54.38, 2, 9, 0, 4, 322.011, 879, 57.21
76, 40, 0, 61.97, 17, -103, 1, 3, 2110.8, 11, 57.21
76, 6, 0, 91.29, 9, 4, 0, 6, 1061.41, 656, 57.21
76, 23, 0, 77.74, 11, -18, 0, 9, 1659.84, 188, 57.21
76, 7, 0, 54.88, 2, 13, 0, 6, 256.822, 153, 57.21
76, 8, 0, 82.05, 4, -14, 0, 7, 635.462, 27, 57.21
76, 0, 0, 69.49, 3, -14, 0, 2, 389.881, 27, 57.21
76, 9, 0, 58.96, 2, -4, 0, 2, 255.156, 330, 57.21
76, 22, 0, 73.95, 5, -4, 0, 8, 596.016, 390, 57.21
76, 24, 0, 96.15, 3, -3, 0, 8, 533.408, 112, 57.21
76, 31, 0, 54.36, 117, -127, 1, 4, 31928.9, 255, 57.21
76, 32, 0, 54.36, 7, -197, 1, 2, 1093.88, 6, 57.21
76, 25, 0, 54.36, 16, -118, 1, 4, 3604.36, 3, 57.21
76, 18, 0, 73.2, 11, 0, 0, 10, 1099.56, 127, 57.21
76, 17, 0, 54.37, 22, -12, 0, 9, 2046.39, 95, 57.21
76, 20, 0, 93.13, 3, -20, 0, 5, 489.173, 188, 57.21
76, 1, 0, 55.79, 2, 5, 0, 7, 263.292, 329, 57.21
76, 4, 0, 75.92, 129, -4, 0, 8, 13121.9, 1262, 57.21
76, 14, 0, 80.25, 1, -4, 0, 5, 225.507, 53, 57.21
76, 47, 0, 55.23, 21, -112, 1, 4, 4340.49, 4, 57.21
76, 13, 0, 55.17, 4, 2, 0, 8, 506.399, 426, 57.21
76, 19, 0, 54.98, 2, 21, 0, 10, 302.557, 80, 57.21
76, 41, 1, 58.61, 29, -182, 1, 5, 148292, 131, 57.21
76, 10, 0, 113.6, 4, -27, 0, 2, 1082.48, 308, 77.74
76, 5, 0, 93.61, 1, 6, 0, 9, 318.505, 91, 77.74
76, 15, 0, 94.17, 15, -12, 0, 7, 5299.28, 920, 77.74
77, 40, 1, 93.89, 2, -103, 1, 3, 1057.31, 11, 106.52
77, 41, 1, 51.85, 64, -182, 1, 5, 150789, 122, 94.17
77, 24, 0, 83.93, 1, -3, 0, 8, 357.578, 115, 75.92
77, 31, 1, 75.27, 24, -127, 1, 4, 25568.8, 255, 75.92
77, 13, 0, 76.66, 1, 2, 0, 8, 285.719, 426, 75.92
77, 3, 0, 73.13, 1, -8, 0, 2, 275.226, 143, 75.92
77, 8, 0, 82.16, 1, -14, 0, 7, 401.022, 31, 75.92
77, 15, 0, 72.66, 18, -12, 0, 7, 4437.45, 935, 75.92
77, 2, 0, 85.56, 1, 9, 0, 4, 213.251, 879, 75.92
77, 44, 1, 56.76, 1, -139, 1, 6, 3464.04, 3, 75.92
77, 4, 0, 81.48, 10, -4, 0, 8, 4498.56, 1333, 85.56
77, 17, 0, 83.79, 1, -12, 0, 9, 1166.96, 95, 85.56
77, 10, 0, 92.18, 2, -27, 0, 2, 690.407, 312, 85.56
78, 6, 0, 96.87, 1, 4, 0, 6, 533.923, 665, 85.56
78, 22, 0, 94.28, 2, -4, 0, 8, 1131.32, 390, 85.56
78, 31, 1, 85.27, 45, -127, 1, 4, 27398.9, 232, 85.56
78, 4, 0, 90.53, 3, -4, 0, 8, 3683.76, 1333, 92.18
78, 15, 0, 93.29, 2, -12, 0, 7, 3129.57, 935, 92.18
78, 23, 1, 94.26, 8, -18, 0, 9, 1028.65, 199, 92.18
78, 41, 1, 88.48, 38, -182, 1, 5, 155907, 74, 92.18
78, 10, 0, 99.87, 1, -27, 0, 2, 519.867, 314, 90.53
79, 23, 1, 97.96, 12, -18, 0, 9, 1122.91, 191, 94.26
79, 41, 1, 74.59, 21, -182, 1, 5, 156365, 41, 94.26
79, 6, 0, 106.34, 1, 4, 0, 6, 448.653, 666, 75.92
79, 31, 1, 80.57, 52, -127, 1, 4, 27868.6, 192, 94.26
79, 15, 0, 89.97, 1, -12, 0, 7, 2952.61, 937, 94.26
79, 17, 0, 78.24, 1, -12, 0, 9, 1092.37, 96, 80.57
79, 4, 0, 82.62, 28, -4, 0, 8, 9327.58, 1354, 80.57
79, 10, 0, 87.66, 1, -27, 0, 2, 425.607, 315, 80.57
80, 17, 0, 84.44, 1, -12, 0, 9, 1014.13, 96, 80.57
80, 41, 1, 65.78, 14, -182, 1, 5, 158030, 33, 80.57
80, 31, 1, 79.6, 13, -127, 1, 4, 30366.3, 140, 75.92
80, 0, 0, 73.16, 1, -14, 0, 2, 181.411, 27, 75.92
80, 6, 0, 100.12, 1, 4, 0, 6, 354.393, 667, 75.92
80, 23, 0, 78.04, 1, -18, 0, 9, 1217.17, 179, 79.6
80, 4, 0, 75.66, 25, -4, 0, 8, 7203.44, 1395, 79.6
80, 15, 0, 75.64, 8, -12, 0, 7, 2872.04, 938, 79.6
80, 22, 0, 80.77, 2, -4, 0, 8, 960.776, 392, 79.6
80, 40, 0, 77.65, 1, -103, 1, 3, 1323.89, 9, 79.6
80, 10, 0, 79.42, 1, -27, 0, 2, 345.037, 316, 79.6
81, 15, 0, 75.73, 6, -12, 0, 7, 2266.92, 938, 79.6
81, 31, 1, 78.67, 17, -127, 1, 4, 30605.1, 127, 79.6
81, 22, 0, 78.18, 2, -4, 0, 8, 801.576, 394, 79.42
81, 41, 1, 78.55, 8, -182, 1, 5, 159095, 20, 79.42
81, 6, 0, 78.98, 1, 4, 0, 6, 274.793, 668, 79.42
81, 10, 0, 75.2, 1, -27, 0, 2, 266.367, 317, 78.55
81, 17, 0, 82.34, 1, -12, 0, 9, 946.024, 98, 78.55
81, 40, 0, 78.07, 1, -103, 1, 3, 1246.24, 9, 78.55
81, 3, 0, 74.63, 1, -8, 0, 2, 202.096, 143, 78.55
81, 23, 0, 74.64, 1, -18, 0, 9, 1139.13, 179, 78.55
81, 4, 0, 83.49, 18, -4, 0, 8, 5311.94, 1395, 78.55
81, 20, 0, 78.19, 1, -20, 0, 5, 313.343, 191, 80.57
82, 23, 0, 78.75, 1, -18, 0, 9, 1064.49, 179, 80.57
82, 4, 0, 98.97, 13, -4, 0, 8, 5219.34, 1413, 80.57
82, 15, 0, 93.72, 4, -12, 0, 7, 1812.54, 938, 80.57
82, 41, 1, 74.6, 5, -182, 1, 5, 159723, 12, 80.57
82, 17, 0, 81.02, 1, -12, 0, 9, 867.474, 99, 78.07
82, 22, 0, 76.56, 2, -4, 0, 8, 652.376, 396, 80.57
82, 31, 1, 78.92, 16, -127, 1, 4, 33091.9, 111, 80.57
83, 41, 1, 72.36, 4, -182, 1, 5, 160115, 11, 80.57
83, 22, 0, 88.32, 1, -4, 0, 8, 507.656, 398, 76.56
83, 17, 0, 75.05, 1, -12, 0, 9, 786.904, 100, 78.92
83, 23, 0, 81.33, 1, -18, 0, 9, 995.57, 181, 78.92
83, 15, 0, 76.92, 4, -12, 0, 7, 1490.26, 942, 78.92
83, 31, 1, 81.09, 12, -127, 1, 4, 33249.8, 95, 78.92
83, 4, 0, 81.68, 14, -4, 0, 8, 4171.93, 1426, 78.92
83, 5, 0, 77.75, 1, 6, 0, 9, 266.655, 92, 78.92
83, 40, 0, 79.9, 1, -103, 1, 3, 1176.93, 11, 78.92
84, 19, 0, 81.07, 1, 21, 0, 10, 192.597, 80, 78.92
84, 31, 1, 75.01, 12, -127, 1, 4, 34435.2, 83, 80.57
84, 4, 0, 74.21, 13, -4, 0, 8, 3072.51, 1446, 75.92
84, 18, 0, 72.16, 1, 0, 0, 10, 294.359, 127, 75.92
84, 20, 0, 76.39, 1, -20, 0, 5, 238.743, 192, 75.92
84, 41, 1, 56.46, 3, -182, 1, 5, 160423, 9, 75.92
84, 23, 0, 80.12, 1, -18, 0, 9, 916.65, 182, 75.92
84, 22, 0, 82.41, 1, -4, 0, 8, 428.736, 399, 75.92
84, 17, 0, 77.3, 1, -12, 0, 9, 711.854, 100, 81.09
84, 15, 0, 95.38, 2, -12, 0, 7, 1190.22, 946, 81.09
85, 6, 0, 105.57, 3, 4, 0, 6, 1084.64, 669, 81.09
85, 31, 1, 80.46, 11, -127, 1, 4, 35842.6, 77, 81.09
85, 4, 0, 77.08, 6, -4, 0, 8, 2196.75, 1448, 81.09
85, 41, 1, 83.9, 3, -182, 1, 5, 160652, 7, 81.09
85, 15, 0, 79.14, 9, -12, 0, 7, 3536.61, 948, 81.09
85, 22, 0, 81.76, 2, -4, 0, 8, 891.156, 400, 81.09
86, 20, 0, 80.59, 1, -20, 0, 5, 335.553, 193, 80.46
86, 22, 0, 99.22, 3, -4, 0, 8, 1373.92, 402, 80.46
86, 15, 0, 79, 7, -12, 0, 7, 2824.35, 948, 80.46
86, 41, 1, 80.6, 1, -182, 1, 5, 160652, 4, 80.46
86, 4, 0, 76.74, 28, -4, 0, 8, 8461.14, 1448, 80.46
86, 6, 0, 80.21, 3, 4, 0, 6, 841.373, 672, 80.46
86, 14, 0, 77.77, 1, -4, 0, 5, 334.777, 54, 80.46
86, 31, 1, 79.15, 9, -127, 1, 4, 36325.4, 66, 80.46
86, 13, 0, 76.12, 2, 2, 0, 8, 639.129, 427, 80.12
86, 17, 0, 78.14, 1, -12, 0, 9, 634.554, 100, 80.12
86, 23, 0, 80.36, 3, -18, 0, 9, 2916.86, 183, 80.12
87, 0, 0, 78.26, 1, -14, 0, 2, 365.231, 27, 80.12
87, 4, 0, 90.23, 24, -4, 0, 8, 8514.1, 1448, 80.12
87, 31, 1, 81.87, 11, -127, 1, 4, 43895.1, 61, 83.9
87, 18, 0, 80.09, 2, 0, 0, 10, 1027.4, 127, 83.9
87, 9, 0, 82.43, 1, -4, 0, 2, 255.156, 330, 83.9
87, 40, 0, 80.81, 1, -103, 1, 3, 2155.41, 12, 81.87
87, 3, 0, 86.19, 1, -8, 0, 2, 370.466, 143, 81.87
87, 23, 0, 87.55, 2, -18, 0, 9, 2675.78, 183, 81.87
87, 13, 0, 102.51, 1, 2, 0, 8, 707.569, 427, 81.87
87, 41, 1, 85.71, 1, -182, 1, 5, 160984, 3, 81.87
87, 22, 0, 82.32, 4, -4, 0, 8, 1502.29, 405, 81.87
87, 17, 0, 81.56, 2, -12, 0, 9, 1752.55, 100, 81.87
87, 6, 0, 80.31, 2, 4, 0, 6, 603.923, 675, 81.87
87, 15, 0, 84.32, 5, -12, 0, 7, 2271.35, 948, 81.87
88, 4, 0, 80.08, 22, -4, 0, 8, 7834.34, 1463, 81.87
88, 3, 0, 83.36, 1, -8, 0, 2, 361.726, 144, 81.87
88, 1, 0, 81.22, 1, 5, 0, 7, 310.912, 329, 81.87
88, 15, 0, 78.04, 8, -12, 0, 7, 3331.17, 950, 81.87
88, 31, 1, 78.74, 8, -127, 1, 4, 44795.7, 50, 81.87
88, 14, 0, 76.43, 1, -4, 0, 5, 257.007, 54, 80.36
88, 23, 0, 78.64, 3, -18, 0, 9, 2516.9, 188, 80.36
88, 13, 0, 90.84, 1, 2, 0, 8, 625.699, 428, 80.36
88, 22, 0, 93.55, 2, -4, 0, 8, 1174.81, 409, 85.71
88, 0, 0, 82.31, 1, -14, 0, 2, 286.971, 27, 85.71
88, 18, 0, 84.05, 1, 0, 0, 10, 867.219, 127, 85.71
88, 6, 0, 100.81, 1, 4, 0, 6, 443.303, 675, 85.71
88, 17, 1, 97.93, 1, -12, 0, 9, 1595.07, 102, 94.26
89, 4, 0, 95.35, 4, -4, 0, 8, 6072.58, 1463, 94.26
89, 17, 1, 95.79, 1, -12, 0, 9, 1595.07, 101, 94.26
89, 15, 0, 95.21, 1, -12, 0, 7, 2706.85, 950, 94.26
89, 31, 1, 98.14, 12, -127, 1, 4, 45445.2, 47, 94.26
89, 41, 1, 98.24, 1, -182, 1, 5, 161070, 2, 94.26
89, 23, 1, 97.64, 12, -18, 0, 9, 2375.24, 193, 94.26
89, 40, 1, 95.07, 1, -103, 1, 3, 2076.67, 13, 94.26
90, 46, 0, 143.27, 215, -183, 1, 7, 42765.4, 1, 95.35
90, 49, 0, 196.94, 12, -115, 1, 9, 2601.99, 1, 97.93
90, 48, 0, 276.99, 18, -135, 1, 6, 5355.4, 1, 97.93
90, 44, 0, 262.42, 12, -139, 1, 6, 3549.6, 2, 97.93
90, 47, 0, 128.42, 9, -112, 1, 4, 4340.49, 4, 97.93
90, 25, 0, 242.68, 12, -118, 1, 4, 5300.89, 3, 97.93
90, 31, 0, 268.5, 111, -127, 1, 4, 45445.2, 35, 97.93
90, 45, 0, 95.14, 3, -170, 1, 9, 1485.73, 0, 97.93
90, 32, 0, 109.4, 2, -197, 1, 2, 1200.4, 6, 97.93
90, 40, 0, 505.65, 4, -103, 1, 3, 2172.02, 12, 97.93
90, 41, 0, 93.67, 634, -182, 1, 5, 161070, 1, 97.93
90, 22, 0, 134.58, 1, -4, 0, 8, 987.706, 409, 97.93
90, 35, 0, 98.89, 15, -192, 1, 7, 2671.88, 0, 97.93
90, 18, 0, 118.52, 1, 0, 0, 10, 783.169, 127, 97.93
90, 23, 0, 272.69, 6, -18, 0, 9, 3546.92, 193, 97.93
90, 15, 0, 113.71, 4, -12, 0, 7, 2611.64, 950, 97.93
90, 4, 0, 477.29, 9, -4, 0, 8, 5691.46, 1464, 97.93
90, 39, 0, 93.06, 124, -170, 1, 5, 33866.8, 1, 97.93
90, 17, 0, 105.38, 3, -12, 0, 9, 1788.79, 100, 97.93
91, 46, 1, 229.23, 6, -183, 1, 7, 14608.5, 15, 287.76
91, 22, 0, 320.19, 1, -4, 0, 8, 853.126, 409, 276.99
91, 25, 0, 276.52, 4, -118, 1, 4, 2388.73, 3, 276.99
91, 4, 0, 276.42, 10, -4, 0, 8, 6699.6, 1473, 276.99
91, 31, 0, 269.75, 33, -127, 1, 4, 19151, 35, 276.99
91, 32, 0, 274.7, 2, -197, 1, 2, 981.602, 6, 276.99
91, 17, 0, 267.12, 2, -12, 0, 9, 1472.65, 100, 276.99
91, 18, 0, 604.58, 1, 0, 0, 10, 664.649, 127, 276.99
91, 40, 0, 269.04, 3, -103, 1, 3, 1779.46, 16, 276.99
91, 47, 0, 343.32, 5, -112, 1, 4, 3184.71, 4, 276.99
91, 15, 0, 350.75, 4, -12, 0, 7, 2761.92, 950, 276.99
91, 23, 0, 312.12, 3, -18, 0, 9, 1910.78, 193, 276.99
92, 40, 0, 293.33, 1, -103, 1, 3, 972.34, 16, 276.99
92, 17, 0, 551.7, 1, -12, 0, 9, 938.414, 100, 276.99
92, 23, 0, 289.35, 1, -18, 0, 9, 1049.06, 193, 276.99
92, 47, 0, 263.75, 2, -112, 1, 4, 1468.11, 4, 276.99
92, 31, 0, 263.33, 18, -127, 1, 4, 10249.2, 35, 276.99
92, 15, 0, 264.53, 3, -12, 0, 7, 1813.3, 950, 276.99
92, 46, 1, 225.86, 3, -183, 1, 7, 16270.4, 9, 276.99
92, 4, 0, 470.67, 6, -4, 0, 8, 3935.4, 1473, 350.75
93, 15, 0, 365.63, 1, -12, 0, 7, 1144.6, 951, 350.75
93, 48, 1, 349.02, 1, -135, 1, 6, 656.144, 7, 350.75
93, 31, 1, 442.01, 4, -127, 1, 4, 5509.3, 35, 470.67
93, 46, 1, 396.7, 5, -183, 1, 7, 17777.5, 8, 470.67
94, 31, 1, 490.66, 4, -127, 1, 4, 7391.98, 31, 470.67
94, 48, 1, 323.52, 2, -135, 1, 6, 1126.81, 6, 470.67
94, 46, 1, 362, 2, -183, 1, 7, 18248.1, 4, 350.75
95, 15, 0, 333.48, 1, -12, 0, 7, 848.312, 953, 350.75
95, 31, 0, 334.14, 3, -127, 1, 4, 7391.98, 27, 350.75
95, 4, 0, 581.38, 3, -4, 0, 8, 2386.37, 1479, 350.75
95, 48, 1, 325.95, 2, -135, 1, 6, 1843.19, 5, 490.66
95, 46, 1, 270.6, 1, -183, 1, 7, 18972.1, 2, 350.75
95, 17, 0, 346.25, 1, -12, 0, 9, 864.904, 101, 343.32
96, 4, 0, 351.59, 4, -4, 0, 8, 2796.95, 1482, 343.32
96, 31, 0, 326.77, 4, -127, 1, 4, 6880.22, 27, 343.32
96, 15, 0, 492.95, 1, -12, 0, 7, 1276.69, 955, 343.32
97, 31, 1, 490.8, 4, -127, 1, 4, 6063.8, 27, 490.66
97, 48, 1, 453.49, 1, -135, 1, 6, 2544.69, 3, 490.66
97, 4, 0, 560.98, 1, -4, 0, 8, 3539.31, 1482, 490.66
98, 4, 0, 523.93, 1, -4, 0, 8, 3085.82, 1483, 453.49
98, 31, 1, 472.75, 3, -127, 1, 4, 6554.46, 23, 490.66
99, 4, 0, 600.64, 1, -4, 0, 8, 4356.92, 1484, 490.66
99, 31, 1, 491.89, 2, -127, 1, 4, 7027.21, 20, 472.75
99, 15, 0, 460.94, 1, -12, 0, 7, 1963.35, 956, 472.75
100, 4, 0, 537.12, 4, -4, 0, 8, 4170.22, 1485, 472.75
100, 31, 0, 595.06, 3, -127, 1, 4, 8954.17, 18, 490.8
100, 15, 0, 539.3, 1, -12, 0, 7, 1597.62, 956, 490.8
