Time, BuyerID, SellerID, Qty, Price, Spread, Type
1, 33, 41, 23, 54.1, 51.82, 0
1, 37, 4, 13, 45.43, 8.61, 0
1, 28, 4, 1, 45.43, 23.11, 0
2, 27, 4, 5, 45.43, 13.17, 0
2, 26, 4, 87, 45.43, 6.45, 0
2, 37, 4, 69, 45.43, 2.75, 0
2, 36, 4, 6, 45.43, 1.02, 0
2, 38, 41, 87, 44, 8.67, 1
2, 34, 41, 20, 43.85, 8.52, 1
2, 34, 41, 13, 43.16, 7.83, 1
2, 33, 4, 90, 45.43, 20.37, 0
3, 26, 4, 51, 44.02, 0.78, 0
3, 37, 4, 67, 44.02, 0.56, 0
3, 33, 41, 56, 37.03, 79.76, 0
3, 36, 41, 10, 37.03, 17.15, 0
3, 11, 41, 1, 37.03, 1.8, 0
3, 38, 41, 50, 37.03, 33.3, 0
3, 27, 41, 7, 37.03, 6.01, 0
3, 9, 30, 4, 36.98, 16.57, 1
3, 0, 30, 1, 36.78, 16.37, 1
3, 3, 30, 13, 36.38, 15.97, 1
3, 6, 30, 5, 35.19, 14.78, 1
3, 34, 41, 5, 37.03, 3.14, 0
4, 27, 4, 3, 37.54, 5.31, 0
4, 19, 41, 11, 35.99, 0.45, 1
4, 33, 41, 31, 35.91, 0.37, 1
4, 36, 4, 10, 37.54, 5.84, 0
4, 38, 4, 28, 37.54, 22.63, 0
4, 9, 30, 3, 36.5, 19.75, 1
4, 28, 30, 1, 36.08, 19.33, 1
4, 7, 30, 1, 35.99, 19.24, 1
4, 33, 30, 8, 35.91, 19.16, 1
4, 0, 30, 1, 35.84, 19.09, 1
4, 19, 30, 8, 35.81, 19.06, 1
4, 37, 30, 8, 35.2, 18.45, 1
4, 34, 4, 9, 37.54, 12.27, 0
4, 26, 4, 2, 37.54, 9.62, 0
4, 26, 4, 25, 43.3, 3.86, 0
5, 27, 4, 1, 43.3, 4.92, 0
5, 34, 3, 1, 42.71, 2.93, 0
5, 34, 4, 1, 43.3, 2.34, 0
5, 36, 4, 2, 43.3, 7.98, 0
5, 33, 4, 28, 43.3, 36.79, 0
5, 37, 4, 20, 43.3, 11.16, 0
5, 38, 30, 15, 42.5, 6.72, 0
5, 26, 4, 8, 37.05, 27.53, 0
6, 33, 4, 18, 37.05, 78.76, 0
6, 6, 30, 5, 35.31, 16.89, 1
6, 38, 4, 7, 37.05, 20.16, 0
6, 19, 4, 5, 37.05, 1.06, 0
6, 34, 4, 4, 37.05, 5.7, 0
6, 7, 4, 2, 37.05, 0.21, 0
6, 26, 4, 7, 37.05, 32.85, 0
6, 36, 4, 4, 37.05, 0.46, 0
7, 0, 4, 1, 37.05, 1.5, 0
7, 16, 4, 3, 37.05, 0.91, 0
7, 19, 4, 4, 37.05, 1.21, 0
7, 26, 4, 4, 37.05, 6.61, 0
7, 3, 4, 9, 37.05, 0.92, 0
7, 3, 41, 4, 36.85, 17.15, 1
7, 37, 4, 18, 37.05, 0.83, 0
7, 33, 4, 13, 37.05, 1.23, 0
7, 9, 4, 3, 37.05, 1.19, 0
7, 3, 4, 14, 36.85, 0.2, 1
7, 38, 4, 4, 37.05, 37.93, 0
8, 16, 4, 3, 37.05, 1.45, 0
8, 26, 4, 1, 37.05, 32.94, 0
8, 36, 4, 1, 37.05, 10.55, 0
8, 0, 41, 1, 36.73, 6.19, 1
8, 6, 41, 1, 36.33, 5.79, 1
8, 27, 4, 1, 36.65, 2.68, 0
8, 33, 4, 9, 36.65, 9.44, 0
8, 37, 4, 8, 36.65, 5.86, 0
8, 34, 4, 1, 36.65, 15.47, 0
8, 7, 4, 2, 36.65, 0.83, 0
8, 38, 4, 3, 36.65, 4.52, 0
9, 9, 4, 2, 36.65, 1.15, 0
9, 9, 4, 1, 37.05, 0.75, 0
9, 19, 4, 3, 37.05, 1.96, 0
9, 33, 4, 6, 37.05, 5, 0
9, 7, 4, 1, 37.05, 1.92, 0
9, 10, 4, 3, 37.05, 0.26, 0
9, 38, 4, 1, 37.74, 23.63, 0
9, 16, 4, 1, 37.74, 0.44, 0
9, 3, 41, 1, 36.73, 12.61, 1
9, 37, 4, 3, 37.74, 18.08, 0
9, 26, 4, 1, 37.74, 17.17, 0
10, 9, 4, 2, 37.65, 2.36, 1
10, 7, 4, 1, 36.8, 1.51, 1
10, 3, 4, 7, 36.73, 1.44, 1
10, 6, 4, 4, 36.33, 1.04, 1
10, 7, 4, 2, 36.3, 1.01, 1
10, 19, 4, 4, 36.17, 0.88, 1
10, 3, 4, 10, 36.09, 0.8, 1
10, 0, 4, 1, 35.89, 0.6, 1
10, 10, 4, 5, 35.86, 0.57, 1
10, 11, 4, 1, 35.74, 0.45, 1
10, 10, 4, 2, 35.48, 0.19, 1
10, 38, 4, 1, 37.74, 5.28, 0
10, 33, 4, 4, 37.74, 10.48, 0
10, 37, 4, 3, 37.74, 0.13, 0
10, 16, 41, 1, 36.47, 7.72, 1
11, 33, 4, 3, 37.74, 22.58, 0
11, 10, 4, 2, 37.74, 0.28, 0
11, 37, 4, 1, 37.74, 6.15, 0
11, 7, 4, 1, 37.38, 1.5, 0
12, 9, 4, 2, 37.38, 0.61, 0
12, 3, 4, 5, 37.38, 1.57, 0
12, 19, 4, 2, 37.38, 0.93, 0
12, 9, 30, 2, 37.2, 4.65, 1
12, 16, 30, 2, 37.07, 4.52, 1
12, 19, 30, 4, 36.55, 4, 1
12, 16, 30, 1, 36.47, 3.92, 1
12, 6, 30, 10, 36.34, 3.79, 1
12, 3, 30, 5, 36.21, 3.66, 1
12, 16, 30, 2, 35.86, 3.31, 1
12, 10, 30, 7, 35.62, 3.07, 1
12, 6, 30, 21, 35.61, 3.06, 1
12, 10, 30, 3, 35.48, 2.93, 1
12, 36, 30, 3, 35.42, 2.87, 1
12, 1, 30, 2, 35.37, 2.82, 1
12, 37, 30, 41, 35.36, 2.81, 1
12, 11, 30, 1, 35.26, 2.71, 1
12, 28, 30, 1, 35.24, 2.69, 1
12, 37, 30, 103, 35.2, 2.65, 1
12, 11, 30, 1, 35.2, 2.65, 1
12, 10, 30, 6, 35.2, 2.65, 1
12, 0, 30, 1, 35.2, 2.65, 1
12, 3, 30, 10, 35.12, 2.57, 1
12, 6, 30, 7, 35.01, 2.46, 1
12, 9, 30, 3, 34.86, 2.31, 1
12, 0, 30, 1, 34.71, 2.16, 1
12, 10, 30, 12, 34.61, 2.06, 1
12, 3, 30, 18, 34.59, 2.04, 1
12, 16, 30, 10, 34.5, 1.95, 1
12, 14, 30, 1, 34.18, 1.63, 1
12, 14, 30, 2, 34.04, 1.49, 1
12, 5, 30, 3, 33.91, 1.36, 1
12, 19, 30, 6, 33.82, 1.27, 1
12, 9, 30, 7, 33.7, 1.15, 1
12, 36, 4, 1, 37.38, 0.47, 0
12, 34, 4, 1, 37.38, 1.24, 0
12, 10, 41, 19, 35.78, 14.18, 1
12, 7, 41, 4, 34.77, 13.17, 1
12, 22, 41, 3, 33.09, 11.49, 1
12, 21, 41, 1, 33.03, 11.43, 1
12, 6, 41, 41, 32.92, 11.32, 1
12, 4, 41, 22, 32.82, 11.22, 1
12, 1, 41, 15, 32.25, 10.65, 1
12, 33, 41, 2, 32.08, 10.48, 1
13, 26, 4, 1, 37.38, 1.64, 0
13, 37, 4, 5, 37.38, 7.23, 0
13, 9, 4, 2, 37.38, 0.08, 0
13, 33, 4, 2, 37.38, 10.37, 0
13, 16, 30, 16, 36.35, 11.7, 1
13, 3, 30, 5, 36.3, 11.65, 1
13, 19, 30, 2, 35.7, 11.05, 1
13, 15, 30, 19, 33, 8.35, 1
13, 21, 30, 1, 30.71, 6.06, 1
13, 10, 30, 29, 30.56, 5.91, 1
13, 4, 41, 129, 31.24, 7.01, 1
13, 1, 41, 32, 30.72, 6.49, 1
13, 20, 41, 27, 30.6, 6.37, 1
13, 14, 41, 13, 29.04, 4.81, 1
14, 8, 41, 4, 29.54, 1.55, 1
14, 7, 41, 10, 29.26, 1.27, 1
14, 17, 41, 14, 28.2, 0.21, 1
14, 6, 30, 115, 27.93, 13.53, 1
14, 12, 30, 1, 27.73, 13.33, 1
14, 3, 4, 16, 37.38, 0.02, 0
14, 9, 4, 13, 35.25, 0.57, 1
14, 7, 4, 1, 37.74, 0.07, 0
14, 19, 4, 2, 37.74, 0.33, 0
14, 16, 4, 1, 37.74, 0.76, 0
14, 33, 4, 1, 37.74, 7.86, 0
15, 20, 4, 14, 37.74, 27.84, 0
15, 20, 4, 33, 38.14, 27.44, 0
15, 20, 30, 2, 38.29, 27.29, 0
15, 20, 41, 6, 38.36, 27.22, 0
15, 22, 41, 3, 38.36, 28.29, 0
15, 22, 41, 26, 40.96, 25.69, 0
15, 22, 2, 11, 42.18, 24.47, 0
15, 4, 2, 20, 42.18, 21.74, 0
15, 4, 30, 10, 42.5, 21.42, 0
15, 11, 30, 5, 74.41, 30.87, 1
15, 1, 30, 38, 71.97, 28.43, 1
15, 10, 30, 27, 69.5, 25.96, 1
15, 24, 30, 20, 66.56, 23.02, 1
15, 4, 30, 51, 63.92, 20.38, 1
15, 37, 41, 1, 72.23, 21.21, 1
15, 4, 41, 170, 63.92, 12.9, 1
15, 0, 19, 1, 59.6, 30.19, 0
16, 3, 41, 3, 70.19, 20.57, 1
16, 6, 41, 22, 67.23, 17.61, 1
16, 13, 41, 10, 64.43, 14.81, 1
16, 4, 41, 39, 63.92, 14.3, 1
16, 4, 30, 5, 63.92, 17.05, 1
16, 4, 30, 39, 62.1, 15.23, 1
16, 5, 30, 6, 61.8, 14.93, 1
16, 37, 30, 1, 61.23, 14.36, 1
16, 2, 30, 5, 61.04, 14.17, 1
16, 9, 30, 2, 60.98, 14.11, 1
16, 14, 30, 3, 60.94, 14.07, 1
16, 0, 30, 2, 59.16, 12.29, 1
16, 3, 30, 29, 58.9, 12.03, 1
16, 9, 30, 2, 58.74, 11.87, 1
16, 6, 30, 32, 58.23, 11.36, 1
17, 1, 41, 7, 73.05, 36.37, 1
17, 5, 41, 10, 66.05, 29.37, 1
17, 19, 41, 3, 63.92, 27.24, 1
17, 15, 41, 9, 62.58, 25.9, 1
17, 17, 41, 3, 59.73, 23.05, 1
17, 20, 41, 15, 58.83, 22.15, 1
17, 2, 41, 6, 58.79, 22.11, 1
17, 21, 41, 1, 58.73, 22.05, 1
17, 19, 30, 2, 73.45, 22.76, 1
17, 16, 30, 3, 72.56, 21.87, 1
17, 3, 30, 4, 68.52, 17.83, 1
17, 2, 30, 4, 67.83, 17.14, 1
17, 10, 30, 3, 66.39, 15.7, 1
17, 7, 30, 1, 66.31, 15.62, 1
17, 6, 30, 27, 66.27, 15.58, 1
17, 22, 30, 7, 62.27, 11.58, 1
17, 18, 30, 3, 60.74, 10.05, 1
17, 14, 30, 4, 58.53, 7.84, 1
17, 24, 30, 3, 58.43, 7.74, 1
17, 1, 30, 8, 58.36, 7.67, 1
17, 6, 30, 1, 58.23, 7.54, 1
17, 11, 30, 1, 58.06, 7.37, 1
17, 20, 30, 13, 58.03, 7.34, 1
17, 22, 30, 10, 57.86, 7.17, 1
17, 16, 30, 5, 57.38, 6.69, 1
18, 10, 30, 3, 69.68, 37.59, 1
18, 24, 30, 3, 62.97, 30.88, 1
18, 5, 30, 10, 62.27, 30.18, 1
18, 18, 30, 3, 60.34, 28.25, 1
18, 16, 30, 1, 57.38, 25.29, 1
18, 15, 30, 9, 57.08, 24.99, 1
18, 24, 30, 3, 57.04, 24.95, 1
18, 13, 30, 13, 56.81, 24.72, 1
18, 11, 30, 1, 56.37, 24.28, 1
18, 9, 30, 2, 56.27, 24.18, 1
18, 17, 30, 3, 56.24, 24.15, 1
18, 0, 30, 2, 56.14, 24.05, 1
18, 4, 30, 41, 56.11, 24.02, 1
18, 19, 41, 2, 75.25, 26.53, 1
18, 14, 41, 3, 71, 22.28, 1
18, 3, 41, 3, 70.65, 21.93, 1
18, 11, 41, 1, 69.89, 21.17, 1
18, 22, 41, 8, 67.41, 18.69, 1
18, 5, 41, 10, 61.44, 12.72, 1
18, 1, 41, 7, 61.42, 12.7, 1
18, 7, 41, 1, 60.71, 11.99, 1
18, 6, 41, 16, 60.21, 11.49, 1
19, 5, 41, 5, 61.16, 0.57, 1
19, 6, 30, 11, 73.55, 29.37, 1
19, 14, 30, 2, 62.69, 18.51, 1
19, 6, 30, 13, 60.21, 16.03, 1
19, 20, 30, 16, 58.13, 13.95, 1
19, 2, 30, 4, 57.63, 13.45, 1
19, 4, 30, 4, 56.11, 11.93, 1
19, 0, 30, 2, 56.1, 11.92, 1
19, 10, 30, 6, 55.71, 11.53, 1
19, 14, 30, 6, 55.59, 11.41, 1
19, 13, 30, 1, 55.56, 11.38, 1
20, 10, 30, 3, 72.96, 41.36, 1
20, 16, 30, 1, 70.48, 38.88, 1
20, 1, 30, 5, 69.96, 38.36, 1
20, 24, 30, 3, 63.71, 32.11, 1
20, 15, 30, 9, 63.43, 31.83, 1
20, 16, 30, 3, 62.49, 30.89, 1
20, 13, 30, 10, 62.13, 30.53, 1
20, 9, 30, 1, 61.87, 30.27, 1
20, 18, 30, 3, 61.22, 29.62, 1
20, 22, 30, 8, 60.28, 28.68, 1
20, 20, 30, 14, 58.4, 26.8, 1
20, 19, 30, 2, 56.46, 24.86, 1
20, 2, 41, 1, 72.89, 20.21, 1
20, 1, 41, 4, 65.07, 12.39, 1
20, 24, 41, 3, 64.48, 11.8, 1
20, 10, 41, 3, 59.74, 7.06, 1
20, 18, 41, 3, 58.04, 5.36, 1
20, 4, 41, 10, 56.58, 3.9, 1
21, 14, 30, 2, 70.29, 12.96, 1
21, 19, 30, 1, 69.87, 12.54, 1
21, 6, 30, 11, 69.7, 12.37, 1
21, 15, 30, 8, 58.38, 1.05, 1
21, 2, 41, 1, 78.56, 28.64, 1
21, 10, 41, 1, 72.61, 22.69, 1
21, 19, 41, 1, 71.99, 22.07, 1
21, 16, 41, 1, 70.96, 21.04, 1
21, 1, 41, 3, 68.37, 18.45, 1
21, 4, 41, 13, 59.58, 9.66, 1
22, 1, 41, 2, 66.34, 7.77, 1
22, 4, 41, 8, 59.58, 1.01, 1
22, 6, 30, 6, 68.38, 24.95, 1
22, 15, 30, 3, 61.77, 18.34, 1
22, 17, 30, 1, 60.77, 17.34, 1
22, 24, 30, 1, 59.94, 16.51, 1
22, 18, 30, 1, 58.37, 14.94, 1
22, 22, 30, 5, 57.53, 14.1, 1
22, 20, 30, 7, 57.41, 13.98, 1
22, 14, 30, 2, 57.22, 13.79, 1
22, 13, 30, 4, 56.94, 13.51, 1
22, 4, 30, 3, 56.84, 13.41, 1
23, 6, 30, 6, 73.14, 17.58, 1
23, 22, 30, 5, 62.6, 7.04, 1
23, 10, 30, 2, 61.7, 6.14, 1
23, 14, 30, 2, 57.23, 1.67, 1
23, 20, 30, 8, 57.08, 1.52, 1
23, 4, 30, 7, 56.84, 1.28, 1
23, 10, 41, 1, 74.93, 25.63, 1
23, 18, 41, 2, 65.98, 16.68, 1
23, 24, 41, 1, 61.92, 12.62, 1
23, 4, 41, 6, 56.84, 7.54, 1
23, 17, 41, 1, 56.81, 7.51, 1
24, 20, 41, 4, 67.61, 16.86, 1
24, 13, 41, 3, 66.96, 16.21, 1
24, 16, 41, 1, 65.33, 14.58, 1
24, 10, 41, 1, 64.07, 13.32, 1
24, 22, 41, 2, 61.98, 11.23, 1
24, 5, 30, 1, 64.19, 19.1, 1
24, 15, 30, 1, 63.54, 18.45, 1
24, 22, 30, 1, 61.98, 16.89, 1
24, 14, 30, 1, 61.76, 16.67, 1
24, 4, 30, 7, 59.43, 14.34, 1
24, 5, 30, 3, 57.68, 12.59, 1
24, 17, 30, 2, 56.81, 11.72, 1
24, 13, 30, 9, 56.69, 11.6, 1
24, 4, 30, 1, 56.58, 11.49, 1
25, 6, 22, 5, 71.8, 40.8, 1
25, 4, 22, 23, 56.58, 25.58, 1
25, 8, 22, 1, 56.44, 25.44, 1
25, 6, 22, 19, 56.43, 25.43, 1
25, 13, 22, 5, 56.43, 25.43, 1
25, 22, 22, 7, 56.34, 25.34, 1
25, 20, 22, 11, 56.29, 25.29, 1
25, 23, 22, 3, 56.19, 25.19, 1
25, 4, 22, 15, 56.17, 25.17, 1
25, 4, 41, 5, 56.17, 31.97, 1
25, 17, 41, 2, 56.14, 31.94, 1
25, 24, 41, 2, 55.99, 31.79, 1
25, 15, 41, 5, 55.71, 31.51, 1
25, 5, 41, 5, 55.69, 31.49, 1
25, 22, 41, 2, 55.67, 31.47, 1
25, 22, 13, 2, 55.67, 5.4, 1
25, 3, 13, 1, 55.65, 5.38, 1
25, 18, 13, 2, 55.6, 5.33, 1
25, 13, 13, 9, 55.56, 5.29, 1
25, 15, 13, 6, 55.51, 5.24, 1
25, 23, 13, 2, 55.48, 5.21, 1
25, 19, 13, 1, 55.46, 5.19, 1
25, 18, 13, 4, 55.34, 5.07, 1
25, 20, 13, 6, 55.29, 5.02, 1
25, 17, 13, 4, 55.04, 4.77, 1
25, 14, 13, 2, 54.99, 4.72, 1
25, 16, 13, 1, 54.98, 4.71, 1
25, 23, 13, 6, 54.93, 4.66, 1
25, 0, 13, 1, 54.85, 4.58, 1
25, 4, 13, 8, 54.79, 4.52, 1
25, 4, 9, 50, 54.79, 27.79, 1
25, 9, 9, 1, 54.74, 27.74, 1
25, 9, 21, 1, 54.74, 26.79, 1
25, 16, 21, 2, 54.53, 26.58, 1
25, 16, 38, 2, 54.53, 12.36, 1
25, 15, 38, 12, 54.46, 12.29, 1
25, 4, 38, 49, 54.4, 12.23, 1
25, 9, 38, 1, 54.4, 12.23, 1
25, 16, 38, 2, 54.38, 12.21, 1
25, 5, 38, 8, 54.26, 12.09, 1
25, 1, 38, 2, 54.2, 12.03, 1
25, 13, 38, 5, 54.08, 11.91, 1
25, 5, 38, 4, 54.07, 11.9, 1
25, 17, 38, 3, 54.02, 11.85, 1
25, 2, 38, 1, 54, 11.83, 1
25, 23, 38, 3, 53.98, 11.81, 1
25, 11, 38, 1, 53.95, 11.78, 1
25, 17, 38, 6, 53.93, 11.76, 1
25, 17, 38, 6, 53.89, 11.72, 1
25, 1, 38, 2, 53.82, 11.65, 1
25, 23, 38, 4, 53.68, 11.51, 1
25, 3, 38, 2, 52.95, 10.78, 1
25, 0, 38, 1, 52.88, 10.71, 1
25, 3, 38, 3, 52.87, 10.7, 1
25, 2, 38, 3, 52.81, 10.64, 1
25, 8, 38, 8, 48.64, 6.47, 1
25, 47, 38, 5, 47.23, 5.06, 1
25, 13, 38, 63, 43.52, 1.35, 1
25, 13, 8, 13, 43.52, 4.16, 1
25, 13, 1, 68, 43.52, 5.53, 1
25, 12, 1, 1, 43.5, 5.51, 1
25, 19, 1, 16, 42.69, 4.7, 1
25, 18, 1, 42, 42.13, 4.14, 1
25, 18, 4, 8, 42.13, 13, 1
25, 7, 4, 7, 41.79, 12.66, 1
25, 25, 4, 8, 41.09, 11.96, 1
25, 15, 4, 138, 40.74, 11.61, 1
25, 16, 4, 32, 40.4, 11.27, 1
50, 24, 33, 14, 2.23, 55.48, 0
50, 2, 33, 1, 2.23, 11.83, 0
50, 44, 33, 33, 2.23, 5.98, 0
50, 31, 33, 242, 2.23, 18.9, 0
50, 15, 33, 4, 2.23, 27.69, 0
50, 38, 7, 34, 93.2, 169.31, 0
50, 38, 2, 4, 94.99, 165.74, 0
50, 33, 2, 2, 90.9, 157.57, 0
50, 19, 2, 1, 55.49, 86.75, 0
50, 5, 2, 8, 51.93, 79.62, 0
50, 22, 2, 74, 48.35, 72.46, 0
50, 1, 2, 53, 44.57, 64.9, 0
50, 18, 2, 10, 43.19, 62.15, 0
50, 7, 2, 2, 39.84, 55.45, 0
50, 43, 2, 2, 33, 41.77, 0
50, 0, 2, 1, 30.39, 36.54, 0
50, 17, 2, 27, 29.52, 34.8, 0
50, 9, 2, 25, 29.08, 33.93, 0
50, 48, 2, 24, 23.96, 23.69, 0
50, 14, 2, 2, 23.68, 23.13, 0
50, 21, 2, 2, 23.64, 23.05, 0
50, 16, 2, 5, 22.1, 19.97, 0
50, 32, 2, 9, 21.83, 19.42, 0
50, 15, 2, 62, 21.02, 17.8, 0
50, 39, 2, 169, 20.28, 16.33, 0
50, 25, 2, 37, 15.27, 6.31, 0
50, 47, 2, 22, 14.59, 4.95, 0
50, 41, 2, 1023, 13.43, 2.62, 0
50, 41, 20, 176, 13.69, 2.09, 0
51, 37, 4, 1, 83.54, 133.98, 0
51, 33, 4, 2, 58.47, 83.84, 0
51, 0, 4, 1, 50.89, 68.69, 0
51, 14, 4, 2, 49.7, 66.3, 0
51, 24, 4, 13, 43.05, 53.01, 0
51, 16, 4, 5, 39.43, 45.77, 0
51, 15, 4, 59, 37.52, 41.94, 0
51, 13, 4, 81, 36.91, 40.72, 0
51, 22, 4, 65, 36.27, 39.45, 0
51, 8, 4, 9, 33.98, 34.87, 0
51, 40, 4, 16, 33.85, 34.61, 0
51, 20, 4, 51, 33.25, 33.4, 0
51, 47, 4, 19, 31.19, 29.28, 0
51, 38, 4, 37, 29.69, 26.28, 0
51, 48, 4, 18, 29.31, 25.52, 0
51, 19, 4, 1, 28.66, 24.22, 0
51, 39, 4, 126, 28.03, 22.96, 0
51, 7, 4, 28, 27.8, 22.51, 0
51, 21, 4, 2, 25.8, 18.51, 0
51, 41, 4, 876, 23.64, 14.18, 0
51, 46, 4, 198, 23, 12.91, 0
51, 23, 4, 28, 22.84, 12.58, 0
51, 23, 9, 37, 23.51, 11.23, 0
51, 31, 9, 16, 21.13, 6.47, 0
51, 31, 13, 205, 21.48, 5.78, 0
51, 31, 17, 13, 21.58, 5.58, 0
51, 6, 17, 13, 21.24, 4.91, 0
51, 18, 17, 9, 20.55, 3.52, 0
51, 17, 17, 10, 20.2, 2.82, 0
51, 17, 24, 14, 21.45, 0.31, 0
52, 49, 24, 14, 21.3, 3.84, 0
52, 7, 24, 11, 21.3, 70.54, 0
52, 38, 10, 35, 132.08, 219.11, 0
52, 37, 10, 1, 90.3, 135.54, 0
52, 33, 10, 1, 86.12, 127.18, 0
52, 0, 10, 1, 62.94, 80.83, 0
52, 6, 10, 10, 59.39, 73.72, 0
52, 7, 10, 14, 57.18, 69.31, 0
52, 17, 10, 29, 51.16, 57.26, 0
52, 2, 10, 47, 50.47, 55.88, 0
52, 2, 29, 172, 51.21, 54.4, 0
52, 16, 29, 4, 47.01, 46, 0
52, 18, 29, 7, 43.22, 38.42, 0
52, 1, 29, 41, 42.36, 36.71, 0
52, 23, 29, 53, 41.6, 35.18, 0
52, 22, 29, 3, 39.98, 31.94, 0
52, 22, 21, 1, 41.32, 29.26, 0
52, 22, 47, 5, 41.33, 29.24, 0
52, 22, 36, 37, 41.35, 29.2, 0
52, 22, 14, 8, 41.62, 28.66, 0
52, 32, 14, 5, 41.05, 27.52, 0
52, 13, 14, 30, 40.03, 25.49, 0
52, 13, 4, 80, 40.13, 25.29, 0
52, 20, 4, 43, 34.93, 14.89, 0
52, 19, 4, 1, 33.59, 12.21, 0
52, 39, 4, 69, 33.02, 11.06, 0
52, 39, 16, 13, 33.13, 10.83, 0
52, 24, 16, 19, 32.05, 8.67, 0
52, 10, 16, 11, 29.99, 4.55, 0
52, 5, 16, 6, 29.97, 4.51, 0
52, 43, 16, 1, 29.64, 3.84, 0
52, 3, 16, 1, 29.37, 3.3, 0
52, 8, 16, 8, 29.08, 2.72, 0
52, 46, 16, 35, 28.89, 2.34, 0
52, 46, 19, 11, 28.91, 2.29, 0
52, 9, 19, 29, 28.55, 1.57, 0
52, 4, 19, 38, 28.26, 0.99, 0
53, 32, 42, 4, 28.8, 18.82, 0
53, 18, 42, 5, 28.8, 29.92, 0
53, 49, 42, 3, 28.8, 3.78, 0
53, 7, 42, 28, 28.8, 35.15, 0
53, 5, 42, 4, 28.8, 30.25, 0
53, 42, 42, 5, 28.8, 97.91, 0
53, 10, 42, 96, 28.8, 0.88, 0
53, 14, 42, 17, 28.8, 29.98, 0
53, 2, 42, 175, 28.8, 4.18, 0
53, 41, 42, 128, 28.8, 15.38, 0
53, 3, 42, 1, 28.8, 35.06, 0
53, 40, 42, 10, 28.8, 2.42, 0
53, 22, 42, 40, 28.8, 20.24, 0
53, 15, 42, 35, 28.8, 25.21, 0
53, 24, 42, 14, 28.8, 44.03, 0
53, 48, 42, 5, 28.8, 6.39, 0
53, 13, 42, 81, 28.8, 0.14, 0
53, 1, 42, 32, 28.8, 6.51, 0
53, 9, 42, 23, 28.8, 30.16, 0
53, 36, 42, 9, 28.8, 19.88, 0
53, 29, 42, 67, 28.8, 156.55, 0
53, 47, 42, 13, 28.8, 10.12, 0
53, 21, 42, 2, 28.8, 16.62, 0
53, 31, 42, 112, 28.8, 4.83, 0
53, 39, 42, 23, 28.8, 15.83, 0
53, 19, 42, 19, 28.8, 62.58, 0
53, 16, 42, 28, 28.8, 7.82, 0
53, 23, 42, 38, 28.8, 4.18, 0
53, 8, 42, 5, 28.8, 15.88, 0
53, 33, 42, 1, 28.8, 52.96, 0
53, 6, 42, 8, 28.8, 22.71, 0
53, 20, 42, 31, 28.8, 17.85, 0
54, 38, 42, 28, 28.8, 56.39, 0
54, 29, 42, 57, 28.8, 51.77, 0
54, 7, 42, 22, 28.8, 23.6, 0
54, 31, 42, 65, 28.8, 36.91, 0
54, 24, 42, 10, 28.8, 3.49, 0
54, 21, 42, 1, 28.8, 14.81, 0
54, 44, 42, 3, 28.8, 18.68, 0
54, 20, 42, 22, 28.8, 55.48, 0
54, 4, 42, 341, 28.8, 18.19, 0
54, 41, 42, 127, 28.8, 0, 0
54, 16, 42, 21, 28.8, 58.99, 0
54, 1, 42, 24, 28.8, 28.16, 0
54, 40, 42, 7, 28.8, 11.1, 0
54, 8, 42, 4, 28.8, 46.68, 0
54, 17, 42, 15, 28.8, 46.62, 0
54, 5, 42, 3, 28.8, 0.01, 0
54, 23, 42, 26, 28.8, 3.05, 0
54, 10, 42, 72, 28.8, 47.77, 0
54, 2, 42, 133, 28.8, 11.7, 0
54, 33, 42, 1, 28.8, 2.41, 0
54, 6, 42, 6, 28.8, 23.48, 0
54, 18, 42, 4, 28.8, 4.95, 0
54, 9, 42, 17, 28.8, 30.15, 0
54, 42, 42, 264, 28.8, 158.08, 0
54, 15, 42, 25, 28.8, 2.41, 0
54, 49, 42, 2, 28.8, 0.85, 0
54, 39, 42, 19, 28.8, 4.83, 0
54, 25, 42, 9, 28.8, 34.29, 0
54, 19, 42, 15, 28.8, 22.04, 0
54, 32, 42, 2, 28.8, 31.49, 0
55, 22, 42, 21, 28.8, 20.71, 0
55, 18, 42, 3, 28.8, 13.74, 0
55, 2, 42, 101, 28.8, 2.44, 0
55, 40, 42, 5, 28.8, 27.68, 0
55, 21, 42, 1, 28.8, 74.13, 0
55, 47, 42, 5, 28.8, 32.03, 0
55, 1, 42, 17, 28.8, 63.7, 0
55, 49, 42, 1, 28.8, 0.36, 0
55, 25, 42, 5, 28.8, 41.73, 0
55, 20, 42, 16, 28.8, 22.46, 0
55, 6, 42, 5, 28.8, 2.25, 0
55, 4, 42, 244, 28.8, 58.21, 0
55, 17, 42, 10, 28.8, 1.63, 0
55, 24, 42, 7, 28.8, 59.24, 0
55, 38, 42, 25, 28.8, 96.34, 0
55, 32, 42, 1, 28.8, 45.87, 0
55, 16, 42, 16, 28.8, 1.02, 0
55, 41, 42, 40, 28.8, 13.13, 0
55, 3, 42, 1, 28.8, 3.76, 0
55, 15, 42, 18, 28.8, 9.67, 0
55, 7, 42, 16, 28.8, 3.84, 0
55, 33, 42, 1, 28.8, 28.19, 0
55, 10, 42, 54, 28.8, 6.55, 0
55, 13, 42, 43, 28.8, 23.92, 0
55, 42, 42, 25, 28.8, 25.22, 0
55, 29, 25, 8, 101, 141.73, 0
55, 29, 26, 41, 101.4, 140.94, 0
55, 5, 26, 3, 49.17, 36.49, 0
55, 31, 26, 38, 47.8, 33.74, 0
55, 42, 26, 105, 42.47, 23.09, 0
55, 42, 23, 18, 42.83, 22.37, 0
55, 42, 1, 85, 44.13, 19.78, 0
55, 42, 11, 13, 44.3, 19.43, 0
55, 42, 28, 3, 44.39, 19.26, 0
55, 42, 15, 108, 44.48, 19.08, 0
55, 39, 15, 6, 38.9, 7.92, 0
55, 19, 15, 11, 38.34, 6.81, 0
55, 44, 15, 2, 35.63, 1.38, 0
56, 9, 15, 10, 34.94, 5.3, 0
56, 25, 15, 14, 34.94, 0.19, 0
56, 15, 15, 68, 34.94, 61.06, 0
56, 33, 46, 1, 211.5, 175.26, 1
56, 38, 46, 22, 165.85, 129.61, 1
56, 26, 46, 1, 111.3, 75.06, 1
56, 2, 30, 5, 73.32, 76.24, 0
56, 26, 30, 28, 73.25, 76.1, 0
56, 26, 22, 19, 73.25, 76.09, 0
56, 7, 22, 12, 72.44, 74.47, 0
56, 10, 22, 40, 71.13, 71.85, 0
56, 36, 22, 5, 67.37, 64.33, 0
56, 5, 22, 2, 66.39, 62.36, 0
56, 15, 22, 7, 65.6, 60.79, 0
56, 15, 12, 2, 65.66, 60.68, 0
56, 22, 34, 15, 61.65, 50.72, 0
56, 6, 34, 3, 59.16, 45.75, 0
56, 8, 34, 2, 56.09, 39.61, 0
56, 4, 34, 35, 55.58, 38.59, 0
56, 4, 41, 19, 55.72, 38.31, 0
56, 4, 18, 71, 56.13, 37.5, 0
56, 4, 27, 17, 56.15, 37.46, 0
56, 4, 6, 33, 56.83, 36.09, 0
56, 11, 6, 5, 56.33, 35.08, 0
56, 29, 6, 41, 54.31, 31.04, 0
56, 17, 6, 7, 54.13, 30.69, 0
56, 42, 6, 292, 48.46, 19.34, 0
56, 42, 3, 22, 48.86, 18.54, 0
56, 32, 3, 1, 48.06, 16.95, 0
56, 40, 3, 3, 46.81, 14.45, 0
56, 20, 3, 12, 44.67, 10.16, 0
56, 24, 3, 5, 44.54, 9.9, 0
56, 19, 3, 8, 44.39, 9.61, 0
56, 13, 3, 32, 42.92, 6.67, 0
56, 18, 3, 2, 41.64, 4.11, 0
56, 31, 3, 20, 40.97, 2.76, 0
57, 5, 3, 1, 39.59, 54.65, 0
57, 6, 3, 55, 39.59, 2.08, 0
57, 6, 5, 65, 40.04, 1.63, 0
57, 42, 46, 52, 209.89, 168.34, 1
57, 42, 15, 148, 209.89, 37.79, 1
57, 42, 9, 44, 209.89, 39.31, 1
57, 42, 22, 16, 209.89, 5.98, 1
57, 27, 22, 4, 207.66, 3.75, 1
57, 26, 0, 1, 118.92, 157.07, 0
57, 38, 0, 15, 90.34, 99.9, 0
57, 38, 37, 4, 90.7, 99.17, 0
57, 10, 37, 28, 77.56, 72.89, 0
57, 13, 37, 20, 68.65, 55.06, 0
57, 36, 37, 4, 63.77, 45.3, 0
57, 23, 37, 11, 60.07, 37.9, 0
57, 3, 37, 58, 58.02, 33.8, 0
57, 47, 37, 1, 54.44, 26.64, 0
57, 17, 37, 4, 51.02, 19.81, 0
57, 19, 37, 5, 47.08, 11.92, 0
57, 11, 37, 4, 45.92, 9.61, 0
57, 7, 37, 9, 45.67, 9.1, 0
57, 4, 37, 110, 45.05, 7.86, 0
57, 40, 37, 2, 44.73, 7.23, 0
57, 8, 37, 1, 44.12, 6, 0
57, 24, 37, 3, 42.45, 2.66, 0
57, 25, 37, 8, 42.27, 2.3, 0
57, 6, 37, 52, 41.39, 0.55, 0
58, 33, 46, 1, 121.46, 87.13, 1
58, 3, 46, 38, 114.52, 80.19, 1
58, 37, 46, 7, 107.02, 72.69, 1
58, 37, 31, 83, 107.02, 2.04, 1
58, 37, 4, 9, 107.02, 2.69, 1
58, 36, 4, 2, 105.21, 0.88, 1
58, 26, 38, 41, 74.46, 66.29, 0
58, 0, 38, 1, 73.94, 65.25, 0
58, 22, 38, 91, 63.08, 43.52, 0
59, 22, 49, 7, 84.84, 23.7, 1
59, 22, 44, 3, 84.84, 4.88, 1
59, 34, 31, 11, 171.01, 84.8, 1
59, 33, 31, 1, 111.15, 24.94, 1
59, 0, 31, 5, 100.01, 13.8, 1
59, 5, 31, 3, 95.94, 9.73, 1
59, 16, 31, 1, 92.98, 6.77, 1
59, 22, 48, 9, 84.84, 2.82, 1
59, 37, 41, 42, 132.69, 47.39, 1
59, 42, 41, 71, 119.5, 34.2, 1
59, 36, 41, 2, 104.2, 18.9, 1
59, 4, 41, 16, 90.69, 5.39, 1
59, 13, 41, 3, 90.22, 4.92, 1
59, 38, 39, 47, 86.92, 15.54, 1
59, 7, 39, 1, 82.91, 11.53, 1
59, 29, 39, 25, 82.2, 10.82, 1
59, 17, 39, 3, 80.96, 9.58, 1
59, 15, 39, 125, 76.47, 5.09, 1
59, 10, 25, 3, 111.64, 35.24, 1
59, 15, 25, 1, 88.94, 12.54, 1
59, 3, 46, 10, 105.9, 46.17, 1
59, 15, 46, 34, 88.94, 29.21, 1
59, 9, 46, 32, 88.48, 28.75, 1
59, 1, 46, 5, 88.45, 28.72, 1
59, 18, 46, 3, 82.07, 22.34, 1
59, 15, 46, 35, 76.47, 16.74, 1
59, 26, 32, 2, 111.91, 40.81, 0
59, 26, 47, 11, 112.52, 39.59, 0
59, 26, 23, 4, 113.46, 37.71, 0
60, 26, 48, 16, 132.32, 68.14, 1
60, 15, 48, 10, 76.47, 12.29, 1
60, 15, 39, 200, 76.47, 18.71, 1
60, 15, 19, 13, 76.47, 10.33, 1
60, 33, 2, 2, 77.12, 46.14, 0
60, 42, 2, 49, 77.12, 4.81, 0
60, 15, 41, 72, 76.47, 44.3, 1
60, 40, 41, 1, 75.78, 43.61, 1
60, 12, 41, 1, 74.85, 42.68, 1
60, 22, 41, 26, 73.65, 41.48, 1
60, 6, 41, 67, 72.82, 40.65, 1
60, 10, 41, 18, 69.63, 37.46, 1
60, 14, 41, 5, 68.98, 36.81, 1
60, 24, 41, 2, 65.2, 33.03, 1
60, 38, 41, 16, 64.48, 32.31, 1
60, 19, 41, 3, 62, 29.83, 1
60, 2, 41, 50, 60.62, 28.45, 1
60, 9, 41, 84, 60.54, 28.37, 1
60, 23, 41, 6, 59.5, 27.33, 1
60, 34, 41, 16, 58.08, 25.91, 1
60, 1, 41, 20, 57.72, 25.55, 1
60, 5, 41, 25, 56.91, 24.74, 1
60, 18, 41, 25, 56.06, 23.89, 1
60, 20, 41, 7, 52.98, 20.81, 1
60, 11, 41, 2, 49.52, 17.35, 1
60, 7, 41, 5, 48.99, 16.82, 1
60, 29, 41, 33, 47.05, 14.88, 1
60, 42, 41, 89, 45.21, 13.04, 1
60, 16, 41, 5, 43.68, 11.51, 1
60, 6, 41, 155, 42.67, 10.5, 1
60, 25, 41, 3, 42.38, 10.21, 1
60, 8, 41, 1, 41.23, 9.06, 1
60, 41, 41, 4, 41.06, 8.89, 1
60, 16, 41, 8, 40.06, 7.89, 1
60, 41, 41, 6, 39.89, 7.72, 1
60, 2, 41, 75, 39.32, 7.15, 1
60, 1, 41, 30, 39.21, 7.04, 1
60, 1, 41, 47, 39.01, 6.84, 1
60, 18, 41, 41, 38.89, 6.72, 1
60, 39, 41, 1, 38.32, 6.15, 1
60, 23, 44, 1, 39.09, 1.91, 1
60, 34, 2, 18, 77.12, 14.12, 0
60, 38, 2, 10, 77.12, 31.58, 0
60, 26, 49, 9, 73.82, 3.25, 1
60, 26, 10, 14, 73.82, 6.31, 1
60, 37, 8, 6, 70.75, 14.38, 0
60, 29, 24, 22, 67.22, 2.72, 1
60, 28, 47, 1, 50.53, 18.64, 0
60, 13, 47, 1, 50.53, 3.1, 0
60, 36, 47, 1, 50.53, 22.8, 0
60, 1, 46, 3, 48.44, 26.6, 1
60, 22, 46, 41, 40.27, 18.43, 1
60, 23, 46, 3, 39.09, 17.25, 1
60, 39, 46, 1, 38.32, 16.48, 1
60, 16, 46, 12, 38.21, 16.37, 1
60, 33, 46, 1, 38.1, 16.26, 1
60, 23, 46, 20, 36.37, 14.53, 1
60, 47, 46, 3, 35.2, 13.36, 1
60, 14, 46, 7, 34.96, 13.12, 1
60, 21, 46, 1, 33.87, 12.03, 1
60, 41, 46, 3, 33.49, 11.65, 1
60, 16, 47, 8, 50.53, 3.88, 0
61, 3, 44, 2, 49.54, 5.09, 1
61, 38, 47, 10, 50.53, 14.48, 0
61, 38, 40, 6, 52.46, 12.55, 0
61, 38, 25, 20, 52.51, 12.5, 0
61, 38, 4, 4, 55.93, 9.08, 0
61, 3, 4, 2, 55.93, 2.93, 0
61, 27, 4, 1, 55.93, 21.51, 0
61, 2, 48, 12, 54.65, 21.51, 1
61, 42, 32, 3, 55.7, 17.8, 0
61, 42, 4, 65, 55.93, 17.57, 0
61, 2, 24, 1, 54.65, 0.62, 1
61, 26, 4, 28, 55.93, 12.88, 0
61, 19, 25, 1, 53.14, 5.97, 1
61, 3, 25, 7, 49.54, 2.37, 1
61, 9, 17, 3, 51.2, 6.54, 0
61, 9, 47, 10, 53.55, 4.19, 0
61, 9, 23, 7, 55.49, 2.25, 0
61, 0, 31, 1, 44.22, 10.44, 0
61, 34, 31, 3, 44.22, 36.86, 0
61, 37, 31, 21, 44.22, 4.36, 0
61, 20, 49, 1, 49.48, 16.02, 1
61, 20, 39, 1, 49.48, 0.17, 1
61, 36, 40, 1, 52.93, 27.83, 0
61, 29, 40, 7, 52.93, 21.08, 0
61, 29, 41, 17, 54.36, 19.65, 0
61, 33, 46, 1, 53.48, 1.58, 1
61, 6, 46, 12, 52.67, 0.77, 1
61, 28, 46, 1, 51.91, 0.01, 1
62, 37, 4, 29, 54, 0.34, 0
62, 26, 4, 4, 54, 46.56, 0
62, 26, 41, 9, 54.36, 46.2, 0
62, 10, 46, 4, 50.39, 7.24, 1
62, 7, 46, 1, 48.32, 5.17, 1
62, 22, 46, 15, 46.52, 3.37, 1
62, 19, 41, 7, 48.64, 4.72, 0
62, 29, 39, 16, 46.01, 8.58, 0
62, 0, 31, 5, 45.73, 7.04, 0
62, 10, 31, 5, 45.73, 7.97, 0
62, 10, 39, 7, 46.01, 7.69, 0
62, 5, 39, 2, 46.01, 7.28, 0
62, 5, 48, 3, 46.37, 6.92, 0
62, 38, 48, 2, 46.37, 1.39, 0
62, 13, 25, 3, 45.32, 0.1, 1
62, 6, 41, 46, 48.64, 1.71, 0
62, 18, 40, 1, 48.14, 2.3, 0
62, 7, 44, 1, 45.77, 9.58, 1
62, 42, 40, 2, 48.14, 53.93, 0
62, 42, 41, 33, 48.64, 53.43, 0
62, 11, 41, 1, 48.64, 1.73, 0
62, 2, 41, 64, 48.64, 1.18, 0
62, 27, 41, 1, 48.64, 27.59, 0
62, 4, 49, 1, 47.93, 8.35, 1
62, 1, 41, 7, 48.64, 0.45, 0
63, 24, 41, 2, 48.64, 0.85, 0
63, 6, 41, 23, 48.64, 1, 0
63, 42, 41, 22, 48.64, 6.89, 0
63, 1, 49, 1, 48.55, 6.07, 0
63, 1, 41, 4, 48.64, 5.98, 0
63, 14, 41, 1, 48.64, 2.7, 0
63, 22, 32, 1, 48.37, 4.04, 1
63, 38, 41, 27, 48.64, 13.73, 0
63, 22, 47, 3, 48.37, 0.15, 1
63, 4, 41, 21, 47.93, 9.22, 1
63, 9, 41, 27, 47.69, 8.98, 1
63, 15, 41, 12, 47.12, 8.41, 1
63, 34, 41, 2, 46.64, 7.93, 1
63, 10, 41, 9, 46.23, 7.52, 1
63, 22, 41, 4, 46.21, 7.5, 1
63, 7, 41, 1, 45.77, 7.06, 1
63, 33, 41, 1, 44.18, 5.47, 1
63, 3, 41, 14, 44.12, 5.41, 1
63, 14, 41, 2, 43.71, 5, 1
63, 24, 41, 5, 43.48, 4.77, 1
63, 8, 41, 1, 42.29, 3.58, 1
63, 13, 41, 6, 42.04, 3.33, 1
63, 34, 31, 1, 37.82, 4.05, 0
63, 41, 39, 9, 33.49, 2.15, 1
63, 2, 31, 4, 37.82, 1.39, 0
63, 33, 48, 1, 38.51, 14.99, 0
63, 3, 48, 1, 38.51, 6.32, 0
63, 5, 41, 13, 48.64, 2.2, 0
63, 37, 41, 11, 48.64, 15.31, 0
63, 7, 41, 1, 48.64, 3.72, 0
63, 13, 46, 1, 47.39, 3.84, 1
63, 18, 46, 2, 46.89, 3.34, 1
63, 15, 46, 13, 46.26, 2.71, 1
63, 9, 41, 26, 48.64, 3.35, 0
64, 9, 41, 13, 48.64, 9.61, 0
64, 29, 25, 7, 48.02, 4.01, 1
64, 29, 41, 3, 48.64, 3.71, 0
64, 29, 40, 2, 48.99, 3.36, 0
64, 26, 25, 7, 49.25, 38.41, 0
64, 29, 32, 1, 48.02, 4.81, 1
64, 33, 25, 1, 49.25, 55.41, 0
64, 5, 48, 2, 49.16, 9.46, 1
64, 29, 31, 1, 48.02, 2.08, 1
64, 22, 31, 3, 46.85, 0.91, 1
64, 37, 31, 4, 46.79, 0.85, 1
64, 37, 40, 1, 46.79, 1.34, 1
64, 2, 25, 1, 49.25, 2.77, 0
64, 2, 47, 4, 49.86, 2.16, 0
64, 2, 17, 1, 50.26, 1.76, 0
64, 2, 23, 8, 50.26, 1.76, 0
64, 2, 32, 1, 50.28, 1.74, 0
64, 2, 17, 1, 50.56, 1.46, 0
64, 0, 47, 1, 49.82, 5.59, 0
64, 3, 47, 2, 49.82, 6.4, 0
64, 38, 41, 24, 54.36, 21.9, 0
64, 13, 46, 1, 52.1, 4.6, 1
64, 7, 46, 1, 49.22, 1.72, 1
64, 4, 46, 18, 48.54, 1.04, 1
64, 10, 41, 6, 54.36, 0.32, 0
64, 6, 41, 4, 54.36, 0.9, 0
64, 4, 39, 10, 44.14, 0.66, 1
64, 42, 41, 12, 54.36, 27.61, 0
64, 36, 41, 1, 52.41, 15.76, 1
64, 4, 41, 72, 44.14, 7.49, 1
64, 15, 41, 56, 42.45, 5.8, 1
64, 19, 41, 14, 38.43, 1.78, 1
64, 26, 41, 10, 37.06, 0.41, 1
65, 12, 46, 1, 52.36, 29.08, 1
65, 0, 46, 3, 52.31, 29.03, 1
65, 19, 46, 3, 44.89, 21.61, 1
65, 1, 46, 8, 42.9, 19.62, 1
65, 26, 41, 4, 43.19, 25.31, 0
65, 6, 41, 37, 43.19, 6.1, 0
65, 36, 41, 3, 43.19, 32.89, 0
65, 42, 41, 6, 43.19, 51.5, 0
65, 1, 25, 3, 42.9, 1.16, 1
65, 24, 41, 6, 43.19, 1.41, 0
65, 5, 41, 4, 43.19, 8.89, 0
65, 13, 41, 11, 43.19, 5.19, 0
65, 9, 41, 18, 43.19, 12.42, 0
65, 29, 41, 4, 43.19, 26.26, 0
65, 2, 41, 23, 43.19, 12.27, 0
65, 2, 31, 2, 43.9, 11.56, 0
65, 1, 39, 4, 42.9, 5.24, 1
65, 38, 31, 2, 43.9, 48.47, 0
65, 38, 41, 11, 54.36, 38.01, 0
65, 37, 41, 1, 54.36, 5.59, 0
66, 42, 47, 3, 52.64, 5.31, 0
66, 9, 8, 1, 52.71, 2.47, 0
66, 9, 22, 4, 53.88, 1.3, 0
66, 10, 25, 1, 51.55, 0.78, 1
66, 13, 41, 1, 43.19, 5.78, 0
66, 1, 46, 6, 42.9, 12.56, 1
66, 23, 46, 3, 42.54, 12.2, 1
66, 16, 46, 1, 42.05, 11.71, 1
66, 17, 46, 2, 41.69, 11.35, 1
66, 22, 46, 1, 41.67, 11.33, 1
66, 8, 41, 2, 43.19, 0.19, 0
66, 20, 41, 1, 43.19, 2.63, 0
66, 24, 41, 5, 43.19, 1.07, 0
66, 19, 41, 1, 43.19, 6.52, 0
66, 14, 41, 5, 43.19, 4.53, 0
66, 36, 41, 4, 43.19, 28.75, 0
66, 3, 41, 1, 43.19, 15.92, 0
66, 2, 41, 30, 43.19, 6.31, 0
66, 12, 41, 1, 43.19, 7.86, 0
66, 16, 41, 1, 43.19, 0.36, 0
66, 0, 41, 2, 43.19, 2.96, 0
66, 29, 41, 2, 43.19, 0.52, 0
66, 6, 41, 23, 43.19, 8.11, 0
66, 6, 31, 3, 49.16, 2.14, 0
66, 26, 47, 1, 46.58, 10.52, 0
66, 26, 31, 1, 49.16, 7.94, 0
66, 38, 39, 2, 45.12, 15.5, 0
66, 38, 31, 2, 49.16, 11.46, 0
66, 38, 40, 3, 52.24, 8.38, 0
66, 38, 17, 2, 53.07, 7.55, 0
67, 6, 39, 2, 44.77, 6.57, 0
67, 10, 17, 3, 53.07, 1.26, 0
67, 37, 31, 1, 49.39, 9.54, 0
67, 36, 31, 1, 49.39, 24.1, 0
67, 4, 23, 8, 48.13, 1.02, 0
67, 4, 40, 2, 48.45, 0.7, 0
67, 15, 47, 1, 48.01, 0.15, 0
67, 26, 31, 2, 49.39, 9.35, 0
67, 38, 31, 1, 49.39, 66.34, 0
67, 38, 32, 1, 52.4, 63.33, 0
67, 38, 17, 3, 53.07, 62.66, 0
67, 38, 22, 2, 53.88, 61.85, 0
67, 38, 17, 2, 54.12, 61.61, 0
67, 29, 17, 1, 54.12, 27.19, 0
67, 13, 46, 3, 48.46, 8.93, 1
67, 1, 46, 3, 47.39, 7.86, 1
67, 2, 46, 8, 47.1, 7.57, 1
67, 9, 25, 4, 49.79, 8.86, 0
67, 9, 17, 5, 54.12, 4.53, 0
67, 2, 41, 3, 47.1, 12.91, 1
67, 42, 41, 2, 45.09, 10.9, 1
67, 18, 41, 2, 43.86, 9.67, 1
67, 22, 41, 17, 41.67, 7.48, 1
67, 37, 41, 1, 41.65, 7.46, 1
67, 18, 41, 4, 41.43, 7.24, 1
67, 15, 41, 9, 41.42, 7.23, 1
68, 24, 41, 5, 46.63, 16.22, 1
68, 8, 41, 2, 42.8, 12.39, 1
68, 20, 41, 2, 41.68, 11.27, 1
68, 15, 41, 16, 41.42, 11.01, 1
68, 2, 31, 21, 45.92, 5.39, 1
68, 23, 31, 6, 45.27, 4.74, 1
68, 15, 31, 24, 41.42, 0.89, 1
68, 23, 31, 4, 41.11, 0.58, 1
68, 5, 31, 4, 41.03, 0.5, 1
68, 15, 31, 12, 40.78, 0.25, 1
68, 36, 25, 1, 51.91, 12.45, 1
68, 29, 17, 1, 54.12, 0.5, 0
68, 5, 48, 1, 44.91, 7.84, 1
68, 9, 17, 1, 54.12, 3.5, 0
68, 9, 41, 9, 54.36, 3.26, 0
68, 42, 41, 1, 54.36, 26.11, 0
68, 38, 41, 11, 54.36, 47.76, 0
68, 18, 46, 2, 50.68, 8.68, 1
68, 24, 46, 2, 50.58, 8.58, 1
68, 5, 46, 3, 44.91, 2.91, 1
68, 22, 46, 2, 44.09, 2.09, 1
68, 22, 44, 12, 44.09, 0.35, 1
69, 9, 41, 9, 48.41, 13.56, 1
69, 22, 41, 2, 44.09, 9.24, 1
69, 10, 41, 3, 43.95, 9.1, 1
69, 5, 41, 2, 43.93, 9.08, 1
69, 3, 41, 2, 43.02, 8.17, 1
69, 13, 41, 2, 42.97, 8.12, 1
69, 38, 39, 1, 53.37, 5.79, 0
69, 38, 41, 6, 54.36, 4.8, 0
69, 13, 46, 6, 42.97, 7.84, 1
69, 15, 46, 1, 42.8, 7.67, 1
69, 2, 32, 1, 43.13, 9.01, 0
69, 14, 44, 2, 48.32, 3.65, 1
69, 18, 44, 3, 48.1, 3.43, 1
69, 36, 40, 1, 47.64, 2.66, 1
69, 24, 47, 1, 49.09, 0.96, 1
70, 2, 23, 3, 49.27, 9.3, 0
70, 38, 40, 2, 49.04, 18.75, 0
70, 38, 23, 2, 49.27, 18.52, 0
70, 22, 25, 1, 50.06, 0.97, 0
70, 1, 31, 1, 48.99, 11.1, 1
70, 4, 31, 14, 48.57, 10.68, 1
70, 14, 31, 1, 48.16, 10.27, 1
70, 22, 31, 3, 48.13, 10.24, 1
70, 6, 31, 7, 47.84, 9.95, 1
70, 6, 31, 12, 47.7, 9.81, 1
70, 13, 31, 2, 46.84, 8.95, 1
70, 15, 31, 4, 46.83, 8.94, 1
70, 15, 31, 11, 45.27, 7.38, 1
70, 15, 31, 27, 42.8, 4.91, 1
70, 0, 31, 1, 42.56, 4.67, 1
70, 3, 31, 1, 42.52, 4.63, 1
70, 4, 31, 6, 42.52, 4.63, 1
70, 4, 41, 18, 42.52, 0.56, 1
70, 42, 44, 1, 46.11, 9.86, 1
70, 4, 44, 5, 42.52, 6.27, 1
70, 10, 46, 2, 50.85, 0.47, 0
71, 21, 31, 1, 43.43, 0.69, 1
71, 4, 32, 1, 46.91, 2.14, 1
71, 4, 41, 11, 46.91, 3.56, 1
71, 22, 44, 4, 48.61, 7.82, 1
71, 4, 44, 1, 46.91, 6.12, 1
71, 13, 23, 2, 49.25, 0.02, 0
71, 1, 43, 1, 49.14, 2.62, 1
71, 9, 46, 2, 49.83, 1.14, 0
71, 2, 46, 1, 49.83, 3.99, 0
71, 2, 46, 1, 50.85, 2.97, 0
72, 38, 41, 4, 48.06, 4.82, 1
72, 10, 41, 1, 47.78, 4.54, 1
72, 4, 41, 42, 46.91, 3.67, 1
72, 5, 41, 2, 45.41, 2.17, 1
72, 6, 41, 11, 44.96, 1.72, 1
72, 10, 46, 1, 50.85, 3.26, 0
72, 4, 32, 2, 43.7, 4.66, 0
72, 4, 47, 1, 44.64, 3.72, 0
72, 17, 46, 1, 43.32, 18.3, 1
72, 17, 31, 1, 43.32, 2.04, 1
72, 23, 31, 1, 42.58, 1.3, 1
72, 4, 31, 46, 42.52, 1.24, 1
72, 13, 44, 4, 43.96, 6.96, 0
72, 13, 46, 1, 50.85, 0.07, 0
72, 38, 46, 1, 50.85, 0.21, 0
72, 9, 40, 1, 51.49, 0.99, 0
72, 6, 40, 1, 51.49, 4.16, 0
72, 6, 25, 1, 52.02, 3.63, 0
72, 6, 25, 1, 52.84, 2.81, 0
73, 38, 25, 2, 52.84, 15.43, 0
73, 9, 40, 1, 51.77, 1.49, 1
73, 2, 40, 1, 50.32, 0.04, 1
73, 6, 23, 4, 49.73, 0.82, 0
73, 22, 41, 1, 47.8, 17.54, 1
73, 3, 41, 1, 43.49, 13.23, 1
73, 4, 41, 7, 42.52, 12.26, 1
73, 6, 41, 28, 42.43, 12.17, 1
73, 1, 41, 4, 42.11, 11.85, 1
73, 17, 41, 3, 42.06, 11.8, 1
73, 13, 41, 7, 41.97, 11.71, 1
73, 16, 41, 1, 41.69, 11.43, 1
73, 12, 41, 1, 41.19, 10.93, 1
73, 9, 41, 9, 41.05, 10.79, 1
73, 23, 41, 5, 41.03, 10.77, 1
73, 8, 41, 1, 40.98, 10.72, 1
73, 20, 41, 1, 40.98, 10.72, 1
73, 17, 41, 5, 40.8, 10.54, 1
73, 15, 41, 51, 40.78, 10.52, 1
73, 14, 41, 7, 40.65, 10.39, 1
73, 26, 41, 1, 40.4, 10.14, 1
73, 1, 41, 9, 39.46, 9.2, 1
73, 4, 41, 51, 39.41, 9.15, 1
73, 24, 44, 2, 45.51, 6.19, 1
73, 1, 31, 2, 45.95, 4.12, 1
73, 24, 31, 2, 45.51, 3.68, 1
73, 14, 31, 2, 43.33, 1.5, 1
73, 13, 25, 1, 48.64, 2.24, 0
73, 13, 23, 4, 49.73, 1.15, 0
73, 4, 32, 1, 49.68, 0.54, 0
73, 4, 23, 7, 49.73, 0.49, 0
74, 9, 31, 1, 50.47, 0.69, 1
74, 2, 41, 2, 48.01, 12.52, 1
74, 18, 41, 2, 45.75, 10.26, 1
74, 0, 41, 1, 43.67, 8.18, 1
74, 4, 41, 163, 39.41, 3.92, 1
74, 21, 40, 1, 51.12, 6.26, 0
74, 2, 44, 2, 50.89, 9.51, 1
74, 38, 17, 1, 51.54, 14.67, 0
74, 4, 32, 1, 50.05, 0.5, 1
75, 19, 25, 1, 51.09, 47.26, 0
75, 19, 17, 2, 51.54, 46.81, 0
75, 0, 17, 1, 51.54, 37.4, 0
75, 0, 23, 3, 51.86, 37.08, 0
75, 11, 23, 1, 51.86, 21.32, 0
75, 15, 23, 13, 51.86, 43.33, 0
75, 15, 17, 6, 53.04, 42.15, 0
75, 15, 18, 3, 53.74, 41.45, 0
75, 15, 41, 27, 95.19, 40.1, 1
75, 6, 40, 1, 96.2, 0.94, 1
75, 6, 8, 1, 75.3, 41.8, 0
75, 15, 8, 1, 74.79, 40.79, 0
75, 15, 31, 11, 74.81, 40.76, 0
75, 18, 31, 5, 73.3, 37.74, 0
75, 2, 31, 4, 66.65, 24.45, 0
75, 1, 31, 4, 65.3, 21.74, 0
75, 3, 31, 1, 63.3, 17.75, 0
75, 9, 31, 3, 59.5, 10.15, 0
75, 31, 31, 128, 58.51, 8.17, 0
75, 23, 31, 10, 56.09, 3.33, 0
75, 23, 48, 2, 57.21, 1.09, 0
76, 24, 41, 3, 96.15, 37.54, 1
76, 20, 41, 3, 93.13, 34.52, 1
76, 6, 41, 9, 91.29, 32.68, 1
76, 8, 41, 4, 82.05, 23.44, 1
76, 14, 41, 1, 80.25, 21.64, 1
76, 23, 41, 9, 77.74, 19.13, 1
76, 10, 17, 3, 105.57, 16.06, 0
76, 10, 32, 1, 106.52, 14.15, 0
77, 15, 40, 2, 94.17, 0.28, 1
77, 15, 41, 13, 94.17, 42.32, 1
77, 5, 41, 1, 93.61, 41.76, 1
77, 23, 41, 2, 77.74, 25.89, 1
77, 4, 41, 48, 75.92, 24.07, 1
77, 24, 31, 1, 83.93, 8.66, 1
77, 4, 31, 23, 75.92, 0.65, 1
77, 2, 44, 1, 85.56, 28.8, 1
78, 6, 31, 1, 96.87, 11.6, 1
78, 22, 31, 2, 94.28, 9.01, 1
78, 10, 31, 2, 92.18, 6.91, 1
78, 15, 41, 2, 93.29, 4.81, 1
78, 4, 41, 3, 90.53, 2.05, 1
78, 10, 23, 1, 94.26, 5.61, 0
79, 17, 41, 1, 83.79, 9.2, 1
79, 8, 41, 1, 82.16, 7.57, 1
79, 4, 41, 10, 81.48, 6.89, 1
79, 13, 41, 1, 76.66, 2.07, 1
79, 4, 41, 8, 75.92, 1.33, 1
79, 6, 23, 1, 94.26, 12.08, 0
79, 15, 31, 1, 80.57, 9.4, 0
79, 4, 31, 28, 80.57, 2.05, 0
79, 10, 31, 1, 80.57, 7.09, 0
80, 17, 31, 1, 80.57, 3.87, 0
80, 17, 41, 1, 78.24, 12.46, 1
80, 4, 41, 13, 75.92, 10.14, 1
80, 6, 31, 1, 79.6, 20.52, 0
80, 22, 31, 2, 79.6, 1.17, 0
81, 10, 31, 1, 79.42, 0.75, 1
81, 6, 41, 1, 78.55, 0.43, 0
81, 17, 41, 1, 78.55, 3.79, 0
81, 4, 41, 6, 78.55, 4.94, 0
81, 4, 31, 10, 79.6, 3.89, 0
81, 4, 31, 2, 80.57, 2.92, 0
82, 4, 31, 13, 80.57, 18.4, 0
82, 15, 31, 4, 80.57, 13.15, 0
82, 23, 41, 1, 78.75, 4.15, 1
82, 20, 41, 1, 78.19, 3.59, 1
82, 22, 41, 2, 78.18, 3.58, 1
82, 40, 41, 1, 78.07, 3.47, 1
82, 17, 31, 1, 80.57, 0.45, 0
83, 23, 41, 1, 78.04, 5.68, 1
83, 40, 41, 1, 77.65, 5.29, 1
83, 22, 41, 2, 76.56, 4.2, 1
83, 22, 31, 1, 78.92, 9.4, 0
83, 23, 31, 1, 78.92, 2.41, 0
83, 4, 31, 14, 78.92, 2.76, 0
84, 19, 31, 1, 80.57, 0.5, 0
84, 40, 31, 1, 79.9, 4.89, 1
84, 5, 31, 1, 77.75, 2.74, 1
84, 15, 31, 4, 76.92, 1.91, 1
84, 4, 31, 6, 75.92, 0.91, 1
84, 20, 41, 1, 76.39, 19.93, 1
84, 4, 41, 2, 75.92, 19.46, 1
84, 22, 31, 1, 81.09, 1.32, 0
84, 15, 31, 2, 81.09, 14.29, 0
85, 6, 31, 3, 81.09, 24.48, 0
85, 22, 31, 2, 80.46, 1.3, 0
86, 20, 31, 1, 80.46, 0.13, 0
86, 22, 31, 3, 80.46, 18.76, 0
86, 6, 31, 3, 80.21, 1.06, 1
86, 23, 31, 1, 80.12, 0.97, 1
87, 4, 31, 5, 80.46, 9.77, 0
87, 4, 41, 1, 80.6, 9.63, 0
87, 4, 31, 6, 81.09, 9.14, 0
87, 4, 41, 3, 83.9, 6.33, 0
87, 9, 31, 1, 81.87, 0.56, 0
87, 3, 31, 1, 81.87, 4.32, 0
87, 23, 31, 2, 81.87, 5.68, 0
87, 13, 31, 1, 81.87, 20.64, 0
87, 22, 31, 4, 81.87, 0.45, 0
87, 15, 31, 2, 81.87, 2.45, 0
88, 3, 31, 1, 83.36, 4.62, 1
88, 17, 31, 2, 81.56, 2.82, 1
88, 1, 31, 1, 81.22, 2.48, 1
88, 40, 31, 1, 80.81, 2.07, 1
88, 23, 31, 3, 80.36, 1.62, 1
88, 13, 41, 1, 85.71, 5.13, 0
88, 6, 23, 1, 94.26, 6.55, 0
89, 4, 40, 1, 95.35, 0.28, 1
90, 46, 17, 1, 95.79, 47.48, 0
90, 46, 23, 12, 97.64, 45.63, 0
90, 46, 17, 1, 97.93, 45.34, 0
90, 40, 31, 4, 301.89, 407.51, 0
90, 4, 31, 8, 287.71, 379.15, 0
90, 4, 41, 1, 287.76, 379.05, 0
91, 48, 46, 6, 276.99, 47.76, 1
92, 18, 46, 1, 604.58, 378.72, 1
92, 17, 46, 1, 551.7, 325.84, 1
92, 15, 46, 1, 350.75, 124.89, 1
93, 4, 48, 1, 470.67, 121.65, 1
93, 4, 31, 4, 470.67, 28.66, 1
93, 4, 46, 1, 470.67, 73.97, 1
94, 15, 48, 1, 365.63, 42.11, 1
94, 15, 48, 1, 350.75, 27.23, 1
95, 4, 46, 2, 362, 219.38, 0
95, 4, 31, 1, 490.66, 90.72, 0
95, 15, 48, 2, 350.75, 24.8, 1
95, 47, 46, 1, 343.32, 72.72, 1
96, 15, 31, 1, 490.66, 2.29, 0
97, 4, 48, 1, 453.49, 107.49, 0
98, 4, 31, 1, 490.66, 33.27, 0
99, 4, 31, 1, 472.75, 127.89, 0
100, 4, 31, 2, 472.75, 64.37, 0
100, 4, 31, 1, 490.66, 46.46, 0
100, 4, 31, 1, 490.8, 46.32, 0
100, 31, 31, 3, 490.8, 104.26, 0
100, 15, 31, 1, 491.89, 47.41, 0
